-- phpMyAdmin SQL Dump
-- version 4.0.10.11
-- http://www.phpmyadmin.net
--
-- Хост: localhost:3306
-- Время создания: Июн 19 2016 г., 11:47
-- Версия сервера: 5.5.44-MariaDB
-- Версия PHP: 5.6.16

SET SQL_MODE = "NO_AUTO_VALUE_ON_ZERO";
SET time_zone = "+00:00";


/*!40101 SET @OLD_CHARACTER_SET_CLIENT=@@CHARACTER_SET_CLIENT */;
/*!40101 SET @OLD_CHARACTER_SET_RESULTS=@@CHARACTER_SET_RESULTS */;
/*!40101 SET @OLD_COLLATION_CONNECTION=@@COLLATION_CONNECTION */;
/*!40101 SET NAMES utf8 */;

--
-- База данных: `sibcup2016`
--

-- --------------------------------------------------------

--
-- Структура таблицы `game`
--

CREATE TABLE IF NOT EXISTS `game` (
  `id` int(11) NOT NULL AUTO_INCREMENT,
  `replay_hash` varchar(255) DEFAULT NULL,
  `orig_link` text,
  `play_date` timestamp NOT NULL DEFAULT CURRENT_TIMESTAMP,
  `ron_count` int(11) NOT NULL DEFAULT '0',
  `doubleron_count` int(11) NOT NULL DEFAULT '0',
  `tripleron_count` int(11) NOT NULL DEFAULT '0',
  `tsumo_count` int(11) NOT NULL DEFAULT '0',
  `drawn_count` int(11) NOT NULL DEFAULT '0',
  PRIMARY KEY (`id`),
  KEY `replay_hash` (`replay_hash`)
) ENGINE=MyISAM  DEFAULT CHARSET=utf8 AUTO_INCREMENT=65 ;

--
-- Дамп данных таблицы `game`
--

INSERT INTO `game` (`id`, `replay_hash`, `orig_link`, `play_date`, `ron_count`, `doubleron_count`, `tripleron_count`, `tsumo_count`, `drawn_count`) VALUES
(1, NULL, NULL, '2016-06-13 15:22:48', 6, 0, 0, 3, 1),
(2, NULL, NULL, '2016-06-13 15:22:48', 7, 0, 0, 1, 2),
(3, NULL, NULL, '2016-06-13 15:22:48', 5, 0, 0, 3, 2),
(4, NULL, NULL, '2016-06-13 15:22:48', 7, 0, 0, 3, 0),
(5, NULL, NULL, '2016-06-13 15:22:48', 4, 0, 0, 4, 2),
(6, NULL, NULL, '2016-06-13 15:22:48', 6, 0, 0, 2, 2),
(7, NULL, NULL, '2016-06-13 15:22:49', 6, 0, 0, 3, 1),
(8, NULL, NULL, '2016-06-13 15:22:49', 4, 0, 0, 4, 1),
(9, NULL, NULL, '2016-06-13 15:22:49', 5, 1, 0, 3, 1),
(10, NULL, NULL, '2016-06-13 15:22:49', 8, 0, 0, 1, 2),
(11, NULL, NULL, '2016-06-13 15:22:49', 3, 0, 0, 6, 2),
(12, NULL, NULL, '2016-06-13 15:22:49', 7, 0, 0, 2, 3),
(13, NULL, NULL, '2016-06-13 15:22:49', 3, 0, 0, 5, 1),
(14, NULL, NULL, '2016-06-13 15:22:49', 3, 0, 0, 4, 3),
(15, NULL, NULL, '2016-06-13 15:22:49', 4, 0, 0, 1, 3),
(16, NULL, NULL, '2016-06-13 15:22:49', 6, 0, 0, 3, 1),
(17, NULL, NULL, '2016-06-13 15:22:49', 4, 0, 0, 5, 1),
(18, NULL, NULL, '2016-06-13 15:22:49', 7, 0, 0, 2, 1),
(19, NULL, NULL, '2016-06-13 15:22:49', 8, 0, 0, 1, 0),
(20, NULL, NULL, '2016-06-13 15:22:49', 4, 0, 0, 2, 3),
(21, NULL, NULL, '2016-06-13 15:22:49', 7, 0, 0, 3, 1),
(22, NULL, NULL, '2016-06-13 15:22:49', 6, 0, 0, 1, 5),
(23, NULL, NULL, '2016-06-13 15:22:49', 8, 0, 0, 2, 0),
(24, NULL, NULL, '2016-06-13 15:22:49', 10, 0, 0, 2, 0),
(25, NULL, NULL, '2016-06-13 15:22:49', 3, 0, 0, 4, 3),
(26, NULL, NULL, '2016-06-13 15:22:49', 7, 0, 0, 2, 2),
(27, NULL, NULL, '2016-06-13 15:22:49', 8, 0, 0, 4, 1),
(28, NULL, NULL, '2016-06-13 15:22:49', 7, 0, 0, 4, 0),
(29, NULL, NULL, '2016-06-13 15:22:49', 5, 0, 0, 3, 1),
(30, NULL, NULL, '2016-06-13 15:22:49', 5, 0, 0, 3, 2),
(31, NULL, NULL, '2016-06-13 15:22:49', 7, 0, 0, 3, 0),
(32, NULL, NULL, '2016-06-13 15:22:49', 5, 0, 0, 5, 1),
(33, NULL, NULL, '2016-06-13 15:22:49', 8, 0, 0, 1, 1),
(34, NULL, NULL, '2016-06-13 15:22:49', 7, 0, 0, 4, 2),
(35, NULL, NULL, '2016-06-13 15:22:49', 7, 0, 0, 2, 2),
(36, NULL, NULL, '2016-06-13 15:22:49', 5, 0, 0, 5, 2),
(37, NULL, NULL, '2016-06-13 15:22:49', 5, 0, 0, 3, 2),
(38, NULL, NULL, '2016-06-13 15:22:49', 10, 1, 0, 0, 0),
(39, NULL, NULL, '2016-06-13 15:22:49', 9, 0, 0, 2, 0),
(40, NULL, NULL, '2016-06-13 15:22:49', 6, 0, 0, 2, 1),
(41, NULL, NULL, '2016-06-13 15:22:49', 9, 1, 0, 4, 0),
(42, NULL, NULL, '2016-06-13 15:22:49', 6, 0, 0, 4, 1),
(43, NULL, NULL, '2016-06-13 15:22:49', 8, 1, 0, 2, 1),
(44, NULL, NULL, '2016-06-13 15:22:49', 3, 0, 0, 5, 1),
(45, NULL, NULL, '2016-06-13 15:22:49', 3, 0, 0, 2, 3),
(46, NULL, NULL, '2016-06-13 15:22:49', 7, 0, 0, 1, 1),
(47, NULL, NULL, '2016-06-13 15:22:49', 2, 0, 0, 5, 1),
(48, NULL, NULL, '2016-06-13 15:22:49', 5, 0, 0, 4, 0),
(49, NULL, NULL, '2016-06-13 15:22:49', 8, 0, 0, 4, 0),
(50, NULL, NULL, '2016-06-13 15:22:49', 7, 0, 0, 1, 2),
(51, NULL, NULL, '2016-06-13 15:22:49', 4, 0, 0, 2, 6),
(52, NULL, NULL, '2016-06-13 15:22:49', 6, 0, 0, 2, 2),
(53, NULL, NULL, '2016-06-13 15:22:49', 5, 0, 0, 2, 1),
(54, NULL, NULL, '2016-06-13 15:22:49', 7, 0, 0, 4, 1),
(55, NULL, NULL, '2016-06-13 15:22:49', 2, 0, 0, 6, 1),
(56, NULL, NULL, '2016-06-13 15:22:49', 6, 0, 0, 2, 2),
(57, NULL, NULL, '2016-06-13 15:22:49', 5, 2, 0, 4, 0),
(58, NULL, NULL, '2016-06-13 15:22:49', 9, 1, 0, 3, 0),
(59, NULL, NULL, '2016-06-13 15:22:49', 10, 0, 0, 2, 1),
(60, NULL, NULL, '2016-06-13 15:22:49', 6, 0, 0, 2, 2),
(61, NULL, NULL, '2016-06-13 15:22:49', 3, 0, 0, 5, 1),
(62, NULL, NULL, '2016-06-13 15:22:49', 7, 0, 0, 1, 1),
(63, NULL, NULL, '2016-06-13 15:22:49', 8, 0, 0, 1, 1),
(64, NULL, NULL, '2016-06-13 15:22:49', 5, 0, 0, 3, 2);

-- --------------------------------------------------------

--
-- Структура таблицы `players`
--

CREATE TABLE IF NOT EXISTS `players` (
  `id` int(11) NOT NULL AUTO_INCREMENT,
  `username` varchar(255) NOT NULL,
  `alias` varchar(255) NOT NULL,
  `rating` float NOT NULL DEFAULT '0',
  `games_played` int(11) NOT NULL DEFAULT '0',
  `places_sum` int(11) NOT NULL DEFAULT '0',
  `place_avg` float NOT NULL DEFAULT '0',
  PRIMARY KEY (`id`),
  UNIQUE KEY `username` (`username`),
  KEY `alias` (`alias`)
) ENGINE=MyISAM  DEFAULT CHARSET=utf8 AUTO_INCREMENT=50 ;

--
-- Дамп данных таблицы `players`
--

INSERT INTO `players` (`id`, `username`, `alias`, `rating`, `games_played`, `places_sum`, `place_avg`) VALUES
(2, 'sanzharov', 'Роман  Санжаров', -79800, 8, 22, 2.75),
(3, 'kim', 'Валерия Ким', 170900, 8, 15, 1.875),
(4, 'chernih', 'Антон Черных', -66400, 8, 22, 2.75),
(5, 'matveeva', 'Алена Матвеева', 54100, 8, 18, 2.25),
(6, 'levin', 'Сергей Левин', -52100, 8, 22, 2.75),
(7, 'knyazhev', 'Анатолий Княжев', 35900, 8, 19, 2.375),
(8, 'meshin', 'Виталий Мешин', 124800, 8, 15, 1.875),
(9, 'sokolov', 'Михаил Соколов', 32600, 8, 18, 2.25),
(10, 'timofeev', 'Валентин Тимофеев', 78500, 8, 15, 1.875),
(11, 'falko', 'Ирина Фалько', 11300, 8, 20, 2.5),
(13, 'karpov', 'Александр Карпов', 43500, 8, 18, 2.25),
(14, 'goncharenko', 'Александр Гончаренко', -14100, 8, 21, 2.625),
(15, 'maslatsova', 'Елизавета Маслацова', -47800, 8, 21, 2.625),
(18, 'karasyuk', 'Павел Карасюк', -69400, 8, 23, 2.875),
(20, 'titova', 'Елена Титова', 60700, 8, 17, 2.125),
(22, 'mazin', 'Дмитрий Мазин', -92900, 8, 24, 3),
(23, 'fedorkevich', 'Антон Федоркевич', 22500, 8, 19, 2.375),
(24, 'gracheva', 'Евгения Грачева', -34000, 8, 24, 3),
(26, 'svirid', 'Станислав Свирид', -51500, 8, 21, 2.625),
(27, 'novik', 'Дмитрий Новик', -81900, 8, 25, 3.125),
(28, 'sanatullov', 'Ренат Санатуллов', 66000, 8, 18, 2.25),
(31, 'gubanova', 'Кристина Губанова', 9300, 8, 19, 2.375),
(32, 'stolbova', 'Анастасия Столбова', -64000, 8, 24, 3),
(34, 'vgolubev', 'Виталий Голубев', -65800, 8, 23, 2.875),
(35, 'trubitsina', 'Лукерья Трубицына', 23000, 8, 17, 2.125),
(36, 'kozlovskaya', 'Яна Козловская ', 4700, 8, 18, 2.25),
(37, 'vodilov', 'Дмитрий Водилов', 17800, 8, 18, 2.25),
(39, 'zarezin', 'Иван Зарезин', -800, 8, 19, 2.375),
(40, 'poroshin', 'Семен Порошин', -15200, 8, 22, 2.75),
(48, 'levina', 'Вера Левина', -83600, 8, 24, 3),
(49, 'kuzkokov', 'Сергей Кузькоков', 74100, 8, 16, 2),
(43, 'goman', 'Роман Гоман', -110400, 8, 23, 2.875);

-- --------------------------------------------------------

--
-- Структура таблицы `rating_history`
--

CREATE TABLE IF NOT EXISTS `rating_history` (
  `id` int(11) NOT NULL AUTO_INCREMENT,
  `username` varchar(255) COLLATE utf8_bin NOT NULL,
  `game_id` int(11) NOT NULL,
  `rating` float NOT NULL,
  PRIMARY KEY (`id`),
  KEY `username` (`username`)
) ENGINE=MyISAM  DEFAULT CHARSET=utf8 COLLATE=utf8_bin AUTO_INCREMENT=257 ;

--
-- Дамп данных таблицы `rating_history`
--

INSERT INTO `rating_history` (`id`, `username`, `game_id`, `rating`) VALUES
(1, 'kim', 1, 9200),
(2, 'knyazhev', 1, -1200),
(3, 'levin', 1, -31300),
(4, 'matveeva', 1, 23300),
(5, 'chernih', 2, -13700),
(6, 'meshin', 2, 4400),
(7, 'sanzharov', 2, -27400),
(8, 'sokolov', 2, 36700),
(9, 'falko', 3, 10500),
(10, 'goncharenko', 3, -29500),
(11, 'mazin', 3, -8000),
(12, 'titova', 3, 27000),
(13, 'karasyuk', 4, -23700),
(14, 'karpov', 4, -9000),
(15, 'maslatsova', 4, 30800),
(16, 'timofeev', 4, 1900),
(17, 'gracheva', 5, 13400),
(18, 'gubanova', 5, 25800),
(19, 'sanatullov', 5, -1000),
(20, 'vgolubev', 5, -38200),
(21, 'fedorkevich', 6, 45600),
(22, 'novik', 6, -34900),
(23, 'stolbova', 6, 8500),
(24, 'svirid', 6, -19200),
(25, 'kozlovskaya', 7, 11700),
(26, 'kuzkokov', 7, -4700),
(27, 'trubitsina', 7, 25100),
(28, 'zarezin', 7, -32100),
(29, 'goman', 8, -25700),
(30, 'levina', 8, -2000),
(31, 'poroshin', 8, 42800),
(32, 'vodilov', 8, -15100),
(33, 'gubanova', 9, 40000),
(34, 'matveeva', 9, 21400),
(35, 'sokolov', 9, 64200),
(36, 'trubitsina', 9, -14700),
(37, 'fedorkevich', 10, 35400),
(38, 'maslatsova', 10, 1900),
(39, 'poroshin', 10, 49500),
(40, 'titova', 10, 59400),
(41, 'gracheva', 11, 21600),
(42, 'kim', 11, -3800),
(43, 'meshin', 11, 32500),
(44, 'stolbova', 11, -14800),
(45, 'falko', 12, -18800),
(46, 'kozlovskaya', 12, 25600),
(47, 'sanatullov', 12, -12900),
(48, 'timofeev', 12, 29200),
(49, 'goman', 13, -68600),
(50, 'karpov', 13, 0),
(51, 'knyazhev', 13, 24400),
(52, 'kuzkokov', 13, -16400),
(53, 'chernih', 14, -45100),
(54, 'mazin', 14, -16200),
(55, 'svirid', 14, -4500),
(56, 'vodilov', 14, 9800),
(57, 'goncharenko', 15, -53400),
(58, 'levin', 15, -7300),
(59, 'levina', 15, 5300),
(60, 'sanzharov', 15, -34800),
(61, 'karasyuk', 16, -17600),
(62, 'novik', 16, -46400),
(63, 'vgolubev', 16, -61600),
(64, 'zarezin', 16, -3300),
(65, 'poroshin', 17, 64200),
(66, 'sokolov', 17, 34200),
(67, 'timofeev', 17, 38000),
(68, 'titova', 17, 45900),
(69, 'fedorkevich', 18, 46200),
(70, 'gubanova', 18, 28800),
(71, 'knyazhev', 18, -4600),
(72, 'meshin', 18, 61900),
(73, 'gracheva', 19, 4100),
(74, 'karpov', 19, 6600),
(75, 'svirid', 19, -11300),
(76, 'zarezin', 19, 14400),
(77, 'kozlovskaya', 20, 16500),
(78, 'maslatsova', 20, -14800),
(79, 'matveeva', 20, 1300),
(80, 'vodilov', 20, 35700),
(81, 'kim', 21, 28300),
(82, 'mazin', 21, -43900),
(83, 'sanatullov', 21, -21500),
(84, 'trubitsina', 21, -10500),
(85, 'falko', 22, -22600),
(86, 'kuzkokov', 22, 4100),
(87, 'levin', 22, -30600),
(88, 'stolbova', 22, -8200),
(89, 'goman', 23, -32800),
(90, 'goncharenko', 23, -67600),
(91, 'sanzharov', 23, -31700),
(92, 'vgolubev', 23, -86300),
(93, 'chernih', 24, -21100),
(94, 'karasyuk', 24, -20300),
(95, 'levina', 24, 14900),
(96, 'novik', 24, -77300),
(97, 'gubanova', 25, 4200),
(98, 'karpov', 25, 12900),
(99, 'kozlovskaya', 25, 6000),
(100, 'titova', 25, 74700),
(101, 'kim', 26, 34300),
(102, 'meshin', 26, 55600),
(103, 'poroshin', 26, 41000),
(104, 'zarezin', 26, 37900),
(105, 'fedorkevich', 27, 69800),
(106, 'gracheva', 27, -23200),
(107, 'sokolov', 27, 24400),
(108, 'vodilov', 27, 49200),
(109, 'levina', 28, 100),
(110, 'matveeva', 28, 2500),
(111, 'stolbova', 28, -35700),
(112, 'timofeev', 28, 79100),
(113, 'kuzkokov', 29, 45400),
(114, 'maslatsova', 29, -39400),
(115, 'mazin', 29, -46900),
(116, 'vgolubev', 29, -100000),
(117, 'goman', 30, -48600),
(118, 'karasyuk', 30, -20300),
(119, 'levin', 30, -62300),
(120, 'sanatullov', 30, 26000),
(121, 'chernih', 31, -2700),
(122, 'falko', 31, 12600),
(123, 'sanzharov', 31, -73300),
(124, 'svirid', 31, -43300),
(125, 'goncharenko', 32, -81900),
(126, 'knyazhev', 32, 41400),
(127, 'novik', 32, -106100),
(128, 'trubitsina', 32, -13400),
(129, 'karpov', 33, -5200),
(130, 'kim', 33, 39800),
(131, 'knyazhev', 33, 33900),
(132, 'sokolov', 33, 44500),
(133, 'matveeva', 34, -32900),
(134, 'timofeev', 34, 116700),
(135, 'vodilov', 34, 67600),
(136, 'zarezin', 34, 17300),
(137, 'kuzkokov', 35, 48400),
(138, 'meshin', 35, 33400),
(139, 'sanatullov', 35, 57200),
(140, 'titova', 35, 62700),
(141, 'falko', 36, 41000),
(142, 'fedorkevich', 36, 46100),
(143, 'gubanova', 36, 9400),
(144, 'poroshin', 36, 31100),
(145, 'levin', 37, -56300),
(146, 'svirid', 37, -19800),
(147, 'trubitsina', 37, -20600),
(148, 'vgolubev', 37, -122300),
(149, 'goman', 38, -87900),
(150, 'gracheva', 38, 1300),
(151, 'novik', 38, -63000),
(152, 'sanzharov', 38, -101600),
(153, 'karasyuk', 39, -14600),
(154, 'kozlovskaya', 39, 28400),
(155, 'levina', 39, -20700),
(156, 'mazin', 39, -54200),
(157, 'chernih', 40, -18100),
(158, 'goncharenko', 40, -37400),
(159, 'maslatsova', 40, -33900),
(160, 'stolbova', 40, -70300),
(161, 'falko', 41, 53200),
(162, 'gubanova', 41, -24500),
(163, 'kim', 41, 78000),
(164, 'vodilov', 41, 51100),
(165, 'fedorkevich', 42, 7200),
(166, 'knyazhev', 42, 38300),
(167, 'sokolov', 42, 37400),
(168, 'titova', 42, 104300),
(169, 'kuzkokov', 43, 71300),
(170, 'poroshin', 43, 21300),
(171, 'sanatullov', 43, 69700),
(172, 'zarezin', 43, -8300),
(173, 'kozlovskaya', 44, 15600),
(174, 'meshin', 44, 64500),
(175, 'svirid', 44, -200),
(176, 'timofeev', 44, 78800),
(177, 'chernih', 45, 12600),
(178, 'gracheva', 45, -20500),
(179, 'levin', 45, -54300),
(180, 'maslatsova', 45, -44800),
(181, 'karasyuk', 46, -19600),
(182, 'karpov', 46, 21300),
(183, 'sanzharov', 46, -93300),
(184, 'stolbova', 46, -100100),
(185, 'goman', 47, -81700),
(186, 'goncharenko', 47, -49800),
(187, 'levina', 47, -49800),
(188, 'trubitsina', 47, 14700),
(189, 'matveeva', 48, -26400),
(190, 'mazin', 48, -80100),
(191, 'novik', 48, -69600),
(192, 'vgolubev', 48, -96300),
(193, 'falko', 49, 17500),
(194, 'meshin', 49, 114300),
(195, 'sokolov', 49, 20900),
(196, 'trubitsina', 49, 17100),
(197, 'fedorkevich', 50, 20500),
(198, 'karpov', 50, 18900),
(199, 'kozlovskaya', 50, 50900),
(200, 'sanatullov', 50, 23500),
(201, 'knyazhev', 51, 50100),
(202, 'kuzkokov', 51, 97200),
(203, 'poroshin', 51, 13700),
(204, 'vodilov', 51, 21000),
(205, 'kim', 52, 73000),
(206, 'svirid', 52, 11900),
(207, 'timofeev', 52, 103600),
(208, 'titova', 52, 72400),
(209, 'gracheva', 53, -44600),
(210, 'levin', 53, -44800),
(211, 'levina', 53, -56300),
(212, 'vgolubev', 53, -75200),
(213, 'mazin', 54, -128600),
(214, 'sanzharov', 54, -74600),
(215, 'stolbova', 54, -61500),
(216, 'zarezin', 54, -17100),
(217, 'chernih', 55, -29200),
(218, 'goncharenko', 55, -42300),
(219, 'karasyuk', 55, -36900),
(220, 'matveeva', 55, 25200),
(221, 'goman', 56, -58000),
(222, 'gubanova', 56, -16200),
(223, 'maslatsova', 56, -74900),
(224, 'novik', 56, -71500),
(225, 'kuzkokov', 57, 74100),
(226, 'matveeva', 57, 54100),
(227, 'titova', 57, 60700),
(228, 'trubitsina', 57, 23000),
(229, 'knyazhev', 58, 35900),
(230, 'sanatullov', 58, 66000),
(231, 'timofeev', 58, 78500),
(232, 'vodilov', 58, 17800),
(233, 'kim', 59, 170900),
(234, 'kozlovskaya', 59, 4700),
(235, 'sokolov', 59, 32600),
(236, 'svirid', 59, -51500),
(237, 'falko', 60, 11300),
(238, 'karpov', 60, 43500),
(239, 'meshin', 60, 124800),
(240, 'poroshin', 60, -15200),
(241, 'gracheva', 61, -34000),
(242, 'karasyuk', 61, -69400),
(243, 'maslatsova', 61, -47800),
(244, 'sanzharov', 61, -79800),
(245, 'goman', 62, -110400),
(246, 'gubanova', 62, 9300),
(247, 'stolbova', 62, -64000),
(248, 'vgolubev', 62, -65800),
(249, 'fedorkevich', 63, 22500),
(250, 'levina', 63, -83600),
(251, 'mazin', 63, -92900),
(252, 'novik', 63, -81900),
(253, 'chernih', 64, -66400),
(254, 'goncharenko', 64, -14100),
(255, 'levin', 64, -52100),
(256, 'zarezin', 64, -800);

-- --------------------------------------------------------

--
-- Структура таблицы `result_score`
--

CREATE TABLE IF NOT EXISTS `result_score` (
  `id` int(11) NOT NULL AUTO_INCREMENT,
  `game_id` int(11) NOT NULL,
  `username` varchar(255) NOT NULL DEFAULT '',
  `score` int(11) NOT NULL DEFAULT '0',
  `result_score` float NOT NULL DEFAULT '0',
  `place` int(11) NOT NULL DEFAULT '0',
  PRIMARY KEY (`id`),
  KEY `game_id` (`game_id`),
  KEY `username` (`username`)
) ENGINE=MyISAM  DEFAULT CHARSET=utf8 AUTO_INCREMENT=257 ;

--
-- Дамп данных таблицы `result_score`
--

INSERT INTO `result_score` (`id`, `game_id`, `username`, `score`, `result_score`, `place`) VALUES
(1, 1, 'matveeva', 38300, 23300, 1),
(2, 1, 'kim', 34200, 9200, 2),
(3, 1, 'knyazhev', 33800, -1200, 3),
(4, 1, 'levin', 13700, -31300, 4),
(5, 2, 'sokolov', 51700, 36700, 1),
(6, 2, 'meshin', 29400, 4400, 2),
(7, 2, 'chernih', 21300, -13700, 3),
(8, 2, 'sanzharov', 17600, -27400, 4),
(9, 3, 'titova', 42000, 27000, 1),
(10, 3, 'falko', 35500, 10500, 2),
(11, 3, 'mazin', 27000, -8000, 3),
(12, 3, 'goncharenko', 15500, -29500, 4),
(13, 4, 'maslatsova', 45800, 30800, 1),
(14, 4, 'timofeev', 26900, 1900, 2),
(15, 4, 'karpov', 26000, -9000, 3),
(16, 4, 'karasyuk', 21300, -23700, 4),
(17, 5, 'gubanova', 40800, 25800, 1),
(18, 5, 'gracheva', 38400, 13400, 2),
(19, 5, 'sanatullov', 34000, -1000, 3),
(20, 5, 'vgolubev', 6800, -38200, 4),
(21, 6, 'fedorkevich', 60600, 45600, 1),
(22, 6, 'stolbova', 33500, 8500, 2),
(23, 6, 'svirid', 15800, -19200, 3),
(24, 6, 'novik', 10100, -34900, 4),
(25, 7, 'trubitsina', 40100, 25100, 1),
(26, 7, 'kozlovskaya', 36700, 11700, 2),
(27, 7, 'kuzkokov', 30300, -4700, 3),
(28, 7, 'zarezin', 12900, -32100, 4),
(29, 8, 'poroshin', 57800, 42800, 1),
(30, 8, 'levina', 23000, -2000, 2),
(31, 8, 'vodilov', 19900, -15100, 3),
(32, 8, 'goman', 19300, -25700, 4),
(33, 9, 'sokolov', 42500, 27500, 1),
(34, 9, 'gubanova', 39200, 14200, 2),
(35, 9, 'matveeva', 33100, -1900, 3),
(36, 9, 'trubitsina', 5200, -39800, 4),
(37, 10, 'titova', 47400, 32400, 1),
(38, 10, 'poroshin', 31700, 6700, 2),
(39, 10, 'fedorkevich', 24800, -10200, 3),
(40, 10, 'maslatsova', 16100, -28900, 4),
(41, 11, 'meshin', 43100, 28100, 1),
(42, 11, 'gracheva', 33200, 8200, 2),
(43, 11, 'kim', 22000, -13000, 3),
(44, 11, 'stolbova', 21700, -23300, 4),
(45, 12, 'timofeev', 42300, 27300, 1),
(46, 12, 'kozlovskaya', 38900, 13900, 2),
(47, 12, 'sanatullov', 23100, -11900, 3),
(48, 12, 'falko', 15700, -29300, 4),
(49, 13, 'knyazhev', 40600, 25600, 1),
(50, 13, 'karpov', 34000, 9000, 2),
(51, 13, 'kuzkokov', 23300, -11700, 3),
(52, 13, 'goman', 22100, -42900, 4),
(53, 14, 'vodilov', 39900, 24900, 1),
(54, 14, 'svirid', 39700, 14700, 2),
(55, 14, 'mazin', 26800, -8200, 3),
(56, 14, 'chernih', 13600, -31400, 4),
(57, 15, 'levin', 39000, 24000, 1),
(58, 15, 'levina', 32300, 7300, 2),
(59, 15, 'sanzharov', 27600, -7400, 3),
(60, 15, 'goncharenko', 21100, -23900, 4),
(61, 16, 'zarezin', 43800, 28800, 1),
(62, 16, 'karasyuk', 31100, 6100, 2),
(63, 16, 'novik', 23500, -11500, 3),
(64, 16, 'vgolubev', 21600, -23400, 4),
(65, 17, 'timofeev', 43800, 8800, 1),
(66, 17, 'poroshin', 39700, 14700, 2),
(67, 17, 'titova', 21500, -13500, 3),
(68, 17, 'sokolov', 15000, -30000, 4),
(69, 18, 'meshin', 44400, 29400, 1),
(70, 18, 'fedorkevich', 35800, 10800, 2),
(71, 18, 'gubanova', 23800, -11200, 3),
(72, 18, 'knyazhev', 16000, -29000, 4),
(73, 19, 'zarezin', 32700, 17700, 1),
(74, 19, 'karpov', 31600, 6600, 2),
(75, 19, 'svirid', 28200, -6800, 3),
(76, 19, 'gracheva', 27500, -17500, 4),
(77, 20, 'vodilov', 40900, 25900, 1),
(78, 20, 'maslatsova', 28300, -16700, 2),
(79, 20, 'kozlovskaya', 25900, -9100, 3),
(80, 20, 'matveeva', 24900, -20100, 4),
(81, 21, 'kim', 47100, 32100, 1),
(82, 21, 'trubitsina', 29200, 4200, 2),
(83, 21, 'sanatullov', 26400, -8600, 3),
(84, 21, 'mazin', 17300, -27700, 4),
(85, 22, 'kuzkokov', 35500, 20500, 1),
(86, 22, 'stolbova', 31600, 6600, 2),
(87, 22, 'falko', 31200, -3800, 3),
(88, 22, 'levin', 21700, -23300, 4),
(89, 23, 'goman', 50800, 35800, 1),
(90, 23, 'sanzharov', 28100, 3100, 2),
(91, 23, 'goncharenko', 20800, -14200, 3),
(92, 23, 'vgolubev', 20300, -24700, 4),
(93, 24, 'chernih', 39000, 24000, 1),
(94, 24, 'levina', 34600, 9600, 2),
(95, 24, 'karasyuk', 32300, -2700, 3),
(96, 24, 'novik', 14100, -30900, 4),
(97, 25, 'titova', 43800, 28800, 1),
(98, 25, 'karpov', 31300, 6300, 2),
(99, 25, 'kozlovskaya', 24500, -10500, 3),
(100, 25, 'gubanova', 20400, -24600, 4),
(101, 26, 'zarezin', 38500, 23500, 1),
(102, 26, 'kim', 31000, 6000, 2),
(103, 26, 'meshin', 28700, -6300, 3),
(104, 26, 'poroshin', 21800, -23200, 4),
(105, 27, 'fedorkevich', 38600, 23600, 1),
(106, 27, 'vodilov', 38500, 13500, 2),
(107, 27, 'sokolov', 25200, -9800, 3),
(108, 27, 'gracheva', 17700, -27300, 4),
(109, 28, 'timofeev', 56100, 41100, 1),
(110, 28, 'matveeva', 26200, 1200, 2),
(111, 28, 'levina', 20200, -14800, 3),
(112, 28, 'stolbova', 17500, -27500, 4),
(113, 29, 'kuzkokov', 56300, 41300, 1),
(114, 29, 'mazin', 22000, -3000, 2),
(115, 29, 'vgolubev', 21300, -13700, 3),
(116, 29, 'maslatsova', 20400, -24600, 4),
(117, 30, 'sanatullov', 62500, 47500, 1),
(118, 30, 'karasyuk', 25000, 0, 2),
(119, 30, 'goman', 19200, -15800, 3),
(120, 30, 'levin', 13300, -31700, 4),
(121, 31, 'falko', 50200, 35200, 1),
(122, 31, 'chernih', 43400, 18400, 2),
(123, 31, 'sanzharov', 13400, -41600, 3),
(124, 31, 'svirid', 13000, -32000, 4),
(125, 32, 'knyazhev', 61000, 46000, 1),
(126, 32, 'trubitsina', 22100, -2900, 2),
(127, 32, 'goncharenko', 20700, -14300, 3),
(128, 32, 'novik', 16200, -28800, 4),
(129, 33, 'sokolov', 35100, 20100, 1),
(130, 33, 'kim', 30500, 5500, 2),
(131, 33, 'knyazhev', 27500, -7500, 3),
(132, 33, 'karpov', 26900, -18100, 4),
(133, 34, 'timofeev', 52600, 37600, 1),
(134, 34, 'vodilov', 43400, 18400, 2),
(135, 34, 'zarezin', 14400, -20600, 3),
(136, 34, 'matveeva', 9600, -35400, 4),
(137, 35, 'sanatullov', 46200, 31200, 1),
(138, 35, 'kuzkokov', 28000, 3000, 2),
(139, 35, 'titova', 23000, -12000, 3),
(140, 35, 'meshin', 22800, -22200, 4),
(141, 36, 'falko', 43400, 28400, 1),
(142, 36, 'gubanova', 30200, 5200, 2),
(143, 36, 'poroshin', 25100, -9900, 3),
(144, 36, 'fedorkevich', 21300, -23700, 4),
(145, 37, 'svirid', 38500, 23500, 1),
(146, 37, 'levin', 31000, 6000, 2),
(147, 37, 'trubitsina', 27800, -7200, 3),
(148, 37, 'vgolubev', 22700, -22300, 4),
(149, 38, 'novik', 58100, 43100, 1),
(150, 38, 'gracheva', 49500, 24500, 2),
(151, 38, 'sanzharov', 6700, -28300, 3),
(152, 38, 'goman', 5700, -39300, 4),
(153, 39, 'kozlovskaya', 37400, 22400, 1),
(154, 39, 'karasyuk', 30700, 5700, 2),
(155, 39, 'mazin', 27700, -7300, 3),
(156, 39, 'levina', 24200, -20800, 4),
(157, 40, 'goncharenko', 59500, 44500, 1),
(158, 40, 'maslatsova', 30500, 5500, 2),
(159, 40, 'chernih', 19600, -15400, 3),
(160, 40, 'stolbova', 10400, -34600, 4),
(161, 41, 'kim', 53200, 38200, 1),
(162, 41, 'falko', 37200, 12200, 2),
(163, 41, 'vodilov', 18500, -16500, 3),
(164, 41, 'gubanova', 11100, -33900, 4),
(165, 42, 'titova', 56600, 41600, 1),
(166, 42, 'knyazhev', 29400, 4400, 2),
(167, 42, 'sokolov', 27900, -7100, 3),
(168, 42, 'fedorkevich', 6100, -38900, 4),
(169, 43, 'kuzkokov', 37900, 22900, 1),
(170, 43, 'sanatullov', 37500, 12500, 2),
(171, 43, 'poroshin', 25200, -9800, 3),
(172, 43, 'zarezin', 19400, -25600, 4),
(173, 44, 'meshin', 46100, 31100, 1),
(174, 44, 'svirid', 44600, 19600, 2),
(175, 44, 'kozlovskaya', 22200, -12800, 3),
(176, 44, 'timofeev', 7100, -37900, 4),
(177, 45, 'chernih', 45700, 30700, 1),
(178, 45, 'levin', 27000, 2000, 2),
(179, 45, 'maslatsova', 24100, -10900, 3),
(180, 45, 'gracheva', 23200, -21800, 4),
(181, 46, 'karpov', 41500, 26500, 1),
(182, 46, 'sanzharov', 33300, 8300, 2),
(183, 46, 'karasyuk', 30000, -5000, 3),
(184, 46, 'stolbova', 15200, -29800, 4),
(185, 47, 'trubitsina', 50300, 35300, 1),
(186, 47, 'goman', 31200, 6200, 2),
(187, 47, 'goncharenko', 22600, -12400, 3),
(188, 47, 'levina', 15900, -29100, 4),
(189, 48, 'vgolubev', 41000, 26000, 1),
(190, 48, 'matveeva', 31500, 6500, 2),
(191, 48, 'novik', 28400, -6600, 3),
(192, 48, 'mazin', 19100, -25900, 4),
(193, 49, 'meshin', 64800, 49800, 1),
(194, 49, 'trubitsina', 27400, 2400, 2),
(195, 49, 'sokolov', 18500, -16500, 3),
(196, 49, 'falko', 9300, -35700, 4),
(197, 50, 'kozlovskaya', 50300, 35300, 1),
(198, 50, 'fedorkevich', 38300, 13300, 2),
(199, 50, 'karpov', 32600, -2400, 3),
(200, 50, 'sanatullov', -1200, -46200, 4),
(201, 51, 'kuzkokov', 40900, 25900, 1),
(202, 51, 'knyazhev', 36800, 11800, 2),
(203, 51, 'poroshin', 27400, -7600, 3),
(204, 51, 'vodilov', 14900, -30100, 4),
(205, 52, 'timofeev', 39800, 24800, 1),
(206, 52, 'svirid', 37100, 12100, 2),
(207, 52, 'kim', 30000, -5000, 3),
(208, 52, 'titova', 13100, -31900, 4),
(209, 53, 'vgolubev', 36100, 21100, 1),
(210, 53, 'levin', 34500, 9500, 2),
(211, 53, 'levina', 28500, -6500, 3),
(212, 53, 'gracheva', 20900, -24100, 4),
(213, 54, 'stolbova', 53600, 38600, 1),
(214, 54, 'sanzharov', 43700, 18700, 2),
(215, 54, 'zarezin', 26200, -8800, 3),
(216, 54, 'mazin', -3500, -48500, 4),
(217, 55, 'matveeva', 66600, 51600, 1),
(218, 55, 'goncharenko', 32500, 7500, 2),
(219, 55, 'karasyuk', 17700, -17300, 3),
(220, 55, 'chernih', 3200, -41800, 4),
(221, 56, 'goman', 38700, 23700, 1),
(222, 56, 'gubanova', 33300, 8300, 2),
(223, 56, 'novik', 33100, -1900, 3),
(224, 56, 'maslatsova', 14900, -30100, 4),
(225, 57, 'matveeva', 43900, 28900, 1),
(226, 57, 'trubitsina', 30900, 5900, 2),
(227, 57, 'titova', 23300, -11700, 3),
(228, 57, 'kuzkokov', 21900, -23100, 4),
(229, 58, 'sanatullov', 57500, 42500, 1),
(230, 58, 'vodilov', 21800, -3200, 2),
(231, 58, 'knyazhev', 20800, -14200, 3),
(232, 58, 'timofeev', 19900, -25100, 4),
(233, 59, 'kim', 112900, 97900, 1),
(234, 59, 'sokolov', 36700, 11700, 2),
(235, 59, 'kozlovskaya', -11200, -46200, 3),
(236, 59, 'svirid', -18400, -63400, 4),
(237, 60, 'karpov', 39600, 24600, 1),
(238, 60, 'meshin', 35500, 10500, 2),
(239, 60, 'falko', 28800, -6200, 3),
(240, 60, 'poroshin', 16100, -28900, 4),
(241, 61, 'maslatsova', 42100, 27100, 1),
(242, 61, 'gracheva', 35600, 10600, 2),
(243, 61, 'sanzharov', 29800, -5200, 3),
(244, 61, 'karasyuk', 12500, -32500, 4),
(245, 62, 'gubanova', 40500, 25500, 1),
(246, 62, 'vgolubev', 34400, 9400, 2),
(247, 62, 'stolbova', 32500, -2500, 3),
(248, 62, 'goman', 12600, -52400, 4),
(249, 63, 'mazin', 50700, 35700, 1),
(250, 63, 'fedorkevich', 27000, 2000, 2),
(251, 63, 'novik', 24600, -10400, 3),
(252, 63, 'levina', 17700, -27300, 4),
(253, 64, 'goncharenko', 43200, 28200, 1),
(254, 64, 'zarezin', 41300, 16300, 2),
(255, 64, 'levin', 27700, -7300, 3),
(256, 64, 'chernih', 7800, -37200, 4);

-- --------------------------------------------------------

--
-- Структура таблицы `round`
--

CREATE TABLE IF NOT EXISTS `round` (
  `id` int(11) NOT NULL AUTO_INCREMENT,
  `game_id` int(11) NOT NULL,
  `username` varchar(255) NOT NULL,
  `han` int(11) NOT NULL DEFAULT '0',
  `fu` int(11) NOT NULL DEFAULT '0',
  `yakuman` tinyint(4) NOT NULL DEFAULT '0',
  `dealer` tinyint(4) NOT NULL DEFAULT '0',
  `round` tinyint(4) NOT NULL,
  `result` enum('ron','tsumo','draw','chombo') NOT NULL,
  `loser` varchar(255) NOT NULL,
  `tempai_list` varchar(255) NOT NULL DEFAULT '',
  `yaku` varchar(255) NOT NULL,
  `dora` int(11) NOT NULL DEFAULT '0',
  `riichi` varchar(255) NOT NULL DEFAULT '',
  `multiRon` int(11) DEFAULT NULL,
  PRIMARY KEY (`id`),
  KEY `game_id` (`game_id`),
  KEY `username` (`username`),
  KEY `han` (`han`,`fu`),
  KEY `yakuman` (`yakuman`),
  KEY `loser` (`loser`),
  KEY `yaku` (`yaku`),
  KEY `dora` (`dora`)
) ENGINE=MyISAM  DEFAULT CHARSET=utf8 AUTO_INCREMENT=676 ;

--
-- Дамп данных таблицы `round`
--

INSERT INTO `round` (`id`, `game_id`, `username`, `han`, `fu`, `yakuman`, `dealer`, `round`, `result`, `loser`, `tempai_list`, `yaku`, `dora`, `riichi`, `multiRon`) VALUES
(1, 1, 'knyazhev', 1, 30, 0, 0, 1, 'ron', 'kim', '', '23', 0, 'a:0:{}', 0),
(2, 1, 'kim', 6, 0, 0, 0, 2, 'ron', 'matveeva', '', '13,27,3', 0, 'a:1:{i:0;s:5:"levin";}', 0),
(3, 1, 'knyazhev', 2, 40, 0, 0, 3, 'ron', 'matveeva', '', '33,35', 0, 'a:1:{i:0;s:8:"knyazhev";}', 0),
(4, 1, 'matveeva', 4, 30, 0, 1, 4, 'ron', 'levin', '', '13', 3, 'a:0:{}', 0),
(5, 1, 'matveeva', 2, 30, 0, 1, 4, 'ron', 'kim', '', '13', 1, 'a:0:{}', 0),
(6, 1, 'matveeva', 3, 30, 0, 1, 4, 'tsumo', '', '', '33,23,36', 0, 'a:1:{i:0;s:8:"matveeva";}', 0),
(7, 1, 'matveeva', 2, 30, 0, 1, 4, 'tsumo', '', '', '14', 0, 'a:0:{}', 0),
(8, 1, 'kim', 1, 30, 0, 0, 4, 'tsumo', '', '', '13', 0, 'a:1:{i:0;s:8:"knyazhev";}', 0),
(9, 1, '', 0, 0, 0, 0, 5, 'draw', '', 'a:4:{s:5:"levin";s:6:"tempai";s:8:"knyazhev";s:6:"tempai";s:3:"kim";s:5:"noten";s:8:"matveeva";s:5:"noten";}', '', 0, 'a:2:{i:0;s:5:"levin";i:1;s:8:"knyazhev";}', 0),
(10, 1, 'knyazhev', 2, 40, 0, 0, 5, 'ron', 'kim', '', '33,13', 0, 'a:1:{i:0;s:8:"knyazhev";}', 0),
(11, 2, 'meshin', 2, 30, 0, 0, 1, 'ron', 'sokolov', '', '13', 1, 'a:0:{}', 0),
(12, 2, 'sokolov', 4, 30, 0, 0, 2, 'ron', 'sanzharov', '', '33,8', 2, 'a:1:{i:0;s:7:"sokolov";}', 0),
(13, 2, '', 0, 0, 0, 0, 3, 'draw', '', 'a:4:{s:7:"chernih";s:6:"tempai";s:6:"meshin";s:6:"tempai";s:9:"sanzharov";s:5:"noten";s:7:"sokolov";s:6:"tempai";}', '', 0, 'a:0:{}', 0),
(14, 2, 'meshin', 2, 30, 0, 0, 4, 'ron', 'chernih', '', '13', 1, 'a:0:{}', 0),
(15, 2, 'chernih', 1, 30, 0, 1, 5, 'ron', 'sokolov', '', '13', 0, 'a:0:{}', 0),
(16, 2, 'sanzharov', 5, 0, 0, 0, 5, 'ron', 'chernih', '', '27', 3, 'a:0:{}', 0),
(17, 2, '', 0, 0, 0, 0, 6, 'draw', '', 'a:4:{s:7:"chernih";s:6:"tempai";s:6:"meshin";s:5:"noten";s:9:"sanzharov";s:6:"tempai";s:7:"sokolov";s:5:"noten";}', '', 0, 'a:2:{i:0;s:7:"chernih";i:1;s:9:"sanzharov";}', 0),
(18, 2, 'chernih', 2, 40, 0, 0, 7, 'ron', 'sanzharov', '', '23', 1, 'a:0:{}', 0),
(19, 2, 'sokolov', 7, 0, 0, 1, 8, 'tsumo', '', '', '33,35,36,9', 3, 'a:1:{i:0;s:7:"sokolov";}', 0),
(20, 2, 'meshin', 1, 40, 0, 0, 8, 'ron', 'sanzharov', '', '23', 0, 'a:0:{}', 0),
(21, 3, 'titova', 4, 30, 0, 1, 1, 'tsumo', '', '', '36,11', 1, 'a:0:{}', 0),
(22, 3, 'titova', 4, 40, 0, 1, 1, 'tsumo', '', '', '23', 3, 'a:0:{}', 0),
(23, 3, 'falko', 2, 30, 0, 0, 1, 'ron', 'mazin', '', '13', 1, 'a:0:{}', 0),
(24, 3, 'goncharenko', 1, 30, 0, 0, 2, 'ron', 'titova', '', '13', 0, 'a:0:{}', 0),
(25, 3, 'falko', 3, 40, 0, 0, 3, 'ron', 'titova', '', '33', 2, 'a:1:{i:0;s:5:"falko";}', 0),
(26, 3, 'falko', 3, 30, 0, 0, 4, 'ron', 'goncharenko', '', '13', 2, 'a:0:{}', 0),
(27, 3, 'mazin', 4, 30, 0, 0, 5, 'ron', 'titova', '', '33,11,8', 0, 'a:1:{i:0;s:5:"mazin";}', 0),
(28, 3, '', 0, 0, 0, 0, 6, 'draw', '', 'a:4:{s:6:"titova";s:6:"tempai";s:5:"falko";s:5:"noten";s:11:"goncharenko";s:5:"noten";s:5:"mazin";s:5:"noten";}', '', 0, 'a:0:{}', 0),
(29, 3, 'falko', 2, 30, 0, 0, 7, 'tsumo', '', '', '13', 1, 'a:0:{}', 0),
(30, 3, '', 0, 0, 0, 0, 8, 'draw', '', 'a:4:{s:6:"titova";s:5:"noten";s:5:"falko";s:6:"tempai";s:11:"goncharenko";s:5:"noten";s:5:"mazin";s:6:"tempai";}', '', 0, 'a:1:{i:0;s:5:"falko";}', 0),
(31, 4, 'karpov', 1, 40, 0, 0, 1, 'ron', 'timofeev', '', '33', 0, 'a:1:{i:0;s:6:"karpov";}', 0),
(32, 4, 'timofeev', 1, 30, 0, 0, 2, 'ron', 'karpov', '', '23', 0, 'a:0:{}', 0),
(33, 4, 'maslatsova', 3, 40, 0, 0, 3, 'ron', 'karasyuk', '', '23', 2, 'a:0:{}', 0),
(34, 4, 'karpov', 3, 20, 0, 0, 4, 'tsumo', '', '', '23,8,36', 0, 'a:0:{}', 0),
(35, 4, 'timofeev', 1, 40, 0, 0, 5, 'tsumo', '', '', '13', 0, 'a:1:{i:0;s:8:"karasyuk";}', 0),
(36, 4, 'maslatsova', 2, 30, 0, 0, 6, 'ron', 'karpov', '', '13', 1, 'a:0:{}', 0),
(37, 4, 'maslatsova', 1, 30, 0, 0, 7, 'ron', 'timofeev', '', '23', 0, 'a:0:{}', 0),
(38, 4, 'maslatsova', 1, 30, 0, 1, 8, 'ron', 'timofeev', '', '23', 0, 'a:0:{}', 0),
(39, 4, 'maslatsova', 2, 30, 0, 1, 8, 'tsumo', '', '', '23', 1, 'a:1:{i:0;s:8:"timofeev";}', 0),
(40, 4, 'maslatsova', 2, 30, 0, 1, 8, 'ron', 'karpov', '', '23', 1, 'a:0:{}', 0),
(41, 5, 'sanatullov', 1, 50, 0, 0, 1, 'ron', 'gracheva', '', '13', 0, 'a:0:{}', 0),
(42, 5, 'sanatullov', 7, 0, 0, 0, 2, 'ron', 'vgolubev', '', '33', 6, 'a:1:{i:0;s:10:"sanatullov";}', 0),
(43, 5, '', 0, 0, 0, 0, 3, 'draw', '', 'a:4:{s:8:"gubanova";s:6:"tempai";s:8:"vgolubev";s:5:"noten";s:10:"sanatullov";s:6:"tempai";s:8:"gracheva";s:6:"tempai";}', '', 0, 'a:1:{i:0;s:8:"gracheva";}', 0),
(44, 5, 'gubanova', 4, 20, 0, 0, 3, 'tsumo', '', '', '33,36,8', 1, 'a:1:{i:0;s:8:"gubanova";}', 0),
(45, 5, 'gubanova', 2, 40, 0, 0, 4, 'ron', 'sanatullov', '', '14', 0, 'a:0:{}', 0),
(46, 5, 'gubanova', 3, 30, 0, 1, 5, 'tsumo', '', '', '33,36,23', 0, 'a:1:{i:0;s:8:"gubanova";}', 0),
(47, 5, 'gracheva', 3, 20, 0, 0, 5, 'ron', 'vgolubev', '', '33,8', 1, 'a:1:{i:0;s:8:"gracheva";}', 0),
(48, 5, '', 0, 0, 0, 0, 6, 'draw', '', 'a:4:{s:8:"gubanova";s:5:"noten";s:8:"vgolubev";s:6:"tempai";s:10:"sanatullov";s:6:"tempai";s:8:"gracheva";s:5:"noten";}', '', 0, 'a:1:{i:0;s:10:"sanatullov";}', 0),
(49, 5, 'vgolubev', 1, 30, 0, 1, 6, 'tsumo', '', '', '11', 0, 'a:1:{i:0;s:8:"gracheva";}', 0),
(50, 5, 'gracheva', 6, 0, 0, 0, 6, 'tsumo', '', '', '33,8,36', 3, 'a:2:{i:0;s:8:"vgolubev";i:1;s:8:"gracheva";}', 0),
(51, 6, '', 0, 0, 0, 0, 1, 'draw', '', 'a:4:{s:11:"fedorkevich";s:5:"noten";s:5:"novik";s:6:"tempai";s:6:"svirid";s:6:"tempai";s:8:"stolbova";s:6:"tempai";}', '', 0, 'a:1:{i:0;s:6:"svirid";}', 0),
(52, 6, 'svirid', 3, 30, 0, 0, 2, 'ron', 'stolbova', '', '33,8', 1, 'a:2:{i:0;s:11:"fedorkevich";i:1;s:6:"svirid";}', 0),
(53, 6, 'svirid', 1, 30, 0, 1, 3, 'tsumo', '', '', '13', 0, 'a:0:{}', 0),
(54, 6, '', 0, 0, 0, 0, 3, 'draw', '', 'a:4:{s:11:"fedorkevich";s:6:"tempai";s:5:"novik";s:5:"noten";s:6:"svirid";s:5:"noten";s:8:"stolbova";s:6:"tempai";}', '', 0, 'a:0:{}', 0),
(55, 6, 'stolbova', 4, 30, 0, 1, 4, 'ron', 'svirid', '', '23', 3, 'a:0:{}', 0),
(56, 6, 'fedorkevich', 3, 60, 0, 0, 4, 'ron', 'novik', '', '27', 1, 'a:1:{i:0;s:5:"novik";}', 0),
(57, 6, 'fedorkevich', 2, 60, 0, 1, 5, 'ron', 'stolbova', '', '33,13', 0, 'a:1:{i:0;s:11:"fedorkevich";}', 0),
(58, 6, 'stolbova', 1, 30, 0, 0, 5, 'ron', 'novik', '', '13', 0, 'a:1:{i:0;s:5:"novik";}', 0),
(59, 6, 'fedorkevich', 7, 0, 0, 0, 6, 'tsumo', '', '', '1,28', 0, 'a:1:{i:0;s:5:"novik";}', 0),
(60, 6, 'fedorkevich', 3, 40, 0, 0, 7, 'ron', 'svirid', '', '1,13', 0, 'a:0:{}', 0),
(61, 7, 'kuzkokov', 2, 40, 0, 0, 1, 'ron', 'zarezin', '', '13,11', 0, 'a:0:{}', 0),
(62, 7, 'kuzkokov', 2, 20, 0, 0, 2, 'tsumo', '', '', '36,8', 0, 'a:1:{i:0;s:7:"zarezin";}', 0),
(63, 7, 'kozlovskaya', 2, 30, 0, 0, 3, 'tsumo', '', '', '13', 1, 'a:0:{}', 0),
(64, 7, 'kozlovskaya', 3, 40, 0, 0, 4, 'tsumo', '', '', '14', 1, 'a:0:{}', 0),
(65, 7, 'trubitsina', 2, 30, 0, 1, 5, 'ron', 'zarezin', '', '13,12', 0, 'a:0:{}', 0),
(66, 7, '', 0, 0, 0, 0, 5, 'draw', '', 'a:4:{s:10:"trubitsina";s:5:"noten";s:11:"kozlovskaya";s:6:"tempai";s:7:"zarezin";s:6:"tempai";s:8:"kuzkokov";s:5:"noten";}', '', 0, 'a:1:{i:0;s:7:"zarezin";}', 0),
(67, 7, 'trubitsina', 4, 40, 0, 0, 6, 'ron', 'zarezin', '', '33', 3, 'a:1:{i:0;s:10:"trubitsina";}', 0),
(68, 7, 'zarezin', 1, 30, 0, 1, 7, 'ron', 'kuzkokov', '', '13', 0, 'a:1:{i:0;s:8:"kuzkokov";}', 0),
(69, 7, 'kuzkokov', 2, 30, 0, 0, 7, 'ron', 'zarezin', '', '13', 1, 'a:0:{}', 0),
(70, 7, 'trubitsina', 1, 40, 0, 0, 8, 'ron', 'kozlovskaya', '', '33', 0, 'a:1:{i:0;s:10:"trubitsina";}', 0),
(71, 8, 'poroshin', 6, 0, 0, 0, 1, 'tsumo', '', '', '33,36,35,8', 2, 'a:2:{i:0;s:7:"vodilov";i:1;s:8:"poroshin";}', 0),
(72, 8, '', 0, 0, 0, 0, 2, 'draw', '', 'a:4:{s:7:"vodilov";s:6:"tempai";s:8:"poroshin";s:6:"tempai";s:6:"levina";s:6:"tempai";s:5:"goman";s:6:"tempai";}', '', 0, 'a:1:{i:0;s:7:"vodilov";}', 0),
(73, 8, 'levina', 1, 40, 0, 0, 2, 'ron', 'poroshin', '', '33', 0, 'a:1:{i:0;s:6:"levina";}', 0),
(74, 8, 'vodilov', 1, 40, 0, 0, 3, 'ron', 'goman', '', '23', 0, 'a:1:{i:0;s:5:"goman";}', 0),
(75, 8, 'poroshin', 6, 0, 0, 0, 4, 'tsumo', '', '', '33,36,35,23,8', 1, 'a:1:{i:0;s:8:"poroshin";}', 0),
(76, 8, 'poroshin', 3, 30, 0, 0, 5, 'ron', 'goman', '', '13', 2, 'a:0:{}', 0),
(77, 8, 'poroshin', 2, 30, 0, 1, 6, 'ron', 'goman', '', '8', 1, 'a:0:{}', 0),
(78, 8, 'goman', 3, 30, 0, 0, 6, 'tsumo', '', '', '13', 2, 'a:1:{i:0;s:6:"levina";}', 0),
(79, 8, 'goman', 1, 30, 0, 0, 7, 'tsumo', '', '', '23', 0, 'a:1:{i:0;s:6:"levina";}', 0),
(80, 9, 'sokolov', 2, 40, 0, 0, 1, 'tsumo', '', '', '33,36', 0, 'a:1:{i:0;s:7:"sokolov";}', 0),
(81, 9, 'matveeva', 3, 40, 0, 0, 2, 'ron', 'trubitsina', '', '33,35,13', 0, 'a:1:{i:0;s:8:"matveeva";}', 0),
(82, 9, 'gubanova', 1, 30, 0, 0, 3, 'tsumo', '', '', '13', 0, 'a:0:{}', 0),
(83, 9, 'matveeva', 3, 30, 0, 0, 4, 'ron', 'gubanova', '', '33,8', 1, 'a:1:{i:0;s:8:"matveeva";}', 0),
(84, 9, 'sokolov', 1, 40, 0, 0, 5, 'ron', 'matveeva', '', '33', 0, 'a:1:{i:0;s:7:"sokolov";}', 2),
(85, 9, 'trubitsina', 1, 30, 0, 0, 5, 'ron', 'matveeva', '', '13', 0, 'a:0:{}', 2),
(86, 9, '', 0, 0, 0, 0, 6, 'draw', '', 'a:4:{s:8:"matveeva";s:5:"noten";s:8:"gubanova";s:6:"tempai";s:7:"sokolov";s:6:"tempai";s:10:"trubitsina";s:6:"tempai";}', '', 0, 'a:2:{i:0;s:8:"gubanova";i:1;s:10:"trubitsina";}', 0),
(87, 9, 'matveeva', 1, 40, 0, 0, 6, 'ron', 'trubitsina', '', '33', 0, 'a:1:{i:0;s:8:"matveeva";}', 0),
(88, 9, 'sokolov', 5, 0, 0, 1, 7, 'ron', 'trubitsina', '', '33,35,27', 0, 'a:1:{i:0;s:7:"sokolov";}', 0),
(89, 9, 'matveeva', 1, 30, 0, 0, 7, 'ron', 'gubanova', '', '13', 0, 'a:0:{}', 0),
(90, 9, 'gubanova', 7, 0, 0, 0, 8, 'tsumo', '', '', '14,1', 3, 'a:2:{i:0;s:8:"matveeva";i:1;s:7:"sokolov";}', 0),
(91, 10, 'titova', 3, 30, 0, 0, 1, 'ron', 'maslatsova', '', '13,24', 1, 'a:0:{}', 0),
(92, 10, '', 0, 0, 0, 0, 2, 'draw', '', 'a:4:{s:8:"poroshin";s:5:"noten";s:11:"fedorkevich";s:5:"noten";s:10:"maslatsova";s:5:"noten";s:6:"titova";s:6:"tempai";}', '', 0, 'a:0:{}', 0),
(93, 10, 'maslatsova', 2, 25, 0, 1, 3, 'ron', 'fedorkevich', '', '31', 0, 'a:0:{}', 0),
(94, 10, 'maslatsova', 2, 30, 0, 1, 3, 'ron', 'fedorkevich', '', '23', 1, 'a:0:{}', 0),
(95, 10, 'poroshin', 1, 40, 0, 0, 3, 'ron', 'titova', '', '33', 0, 'a:1:{i:0;s:8:"poroshin";}', 0),
(96, 10, 'fedorkevich', 5, 0, 0, 0, 4, 'ron', 'titova', '', '13,27,1', 0, 'a:0:{}', 0),
(97, 10, '', 0, 0, 0, 0, 5, 'draw', '', 'a:4:{s:8:"poroshin";s:6:"tempai";s:11:"fedorkevich";s:6:"tempai";s:10:"maslatsova";s:5:"noten";s:6:"titova";s:6:"tempai";}', '', 0, 'a:1:{i:0;s:11:"fedorkevich";}', 0),
(98, 10, 'maslatsova', 3, 40, 0, 0, 5, 'ron', 'poroshin', '', '33,35,23', 0, 'a:1:{i:0;s:10:"maslatsova";}', 0),
(99, 10, 'titova', 6, 0, 0, 0, 6, 'tsumo', '', '', '28', 1, 'a:0:{}', 0),
(100, 10, 'titova', 4, 30, 0, 0, 7, 'ron', 'maslatsova', '', '23', 3, 'a:0:{}', 0),
(101, 10, 'poroshin', 5, 0, 0, 0, 8, 'ron', 'maslatsova', '', '33,8', 3, 'a:1:{i:0;s:8:"poroshin";}', 0),
(102, 11, '', 0, 0, 0, 0, 1, 'draw', '', 'a:4:{s:6:"meshin";s:6:"tempai";s:8:"gracheva";s:6:"tempai";s:8:"stolbova";s:5:"noten";s:3:"kim";s:5:"noten";}', '', 0, 'a:1:{i:0;s:6:"meshin";}', 0),
(103, 11, 'gracheva', 1, 30, 0, 0, 1, 'ron', 'stolbova', '', '13', 0, 'a:0:{}', 0),
(104, 11, 'meshin', 1, 30, 0, 0, 2, 'ron', 'stolbova', '', '13', 0, 'a:1:{i:0;s:3:"kim";}', 0),
(105, 11, 'meshin', 2, 30, 0, 0, 3, 'tsumo', '', '', '33,36', 0, 'a:1:{i:0;s:6:"meshin";}', 0),
(106, 11, 'kim', 3, 30, 0, 1, 4, 'ron', 'meshin', '', '13,27', 0, 'a:0:{}', 0),
(107, 11, 'gracheva', 4, 30, 0, 0, 4, 'tsumo', '', '', '13', 3, 'a:1:{i:0;s:6:"meshin";}', 0),
(108, 11, 'meshin', 3, 30, 0, 1, 5, 'tsumo', '', '', '33,9,36', 0, 'a:1:{i:0;s:6:"meshin";}', 0),
(109, 11, 'meshin', 5, 0, 0, 1, 5, 'tsumo', '', '', '33,8,36', 2, 'a:1:{i:0;s:6:"meshin";}', 0),
(110, 11, '', 0, 0, 0, 0, 5, 'draw', '', 'a:4:{s:6:"meshin";s:5:"noten";s:8:"gracheva";s:5:"noten";s:8:"stolbova";s:6:"tempai";s:3:"kim";s:6:"tempai";}', '', 0, 'a:1:{i:0;s:3:"kim";}', 0),
(111, 11, 'stolbova', 2, 30, 0, 0, 6, 'tsumo', '', '', '11', 1, 'a:0:{}', 0),
(112, 11, 'meshin', 1, 40, 0, 0, 7, 'tsumo', '', '', '13', 0, 'a:0:{}', 0),
(113, 12, 'kozlovskaya', 3, 30, 0, 0, 1, 'tsumo', '', '', '13', 2, 'a:0:{}', 0),
(114, 12, 'timofeev', 1, 30, 0, 0, 2, 'ron', 'kozlovskaya', '', '13', 0, 'a:0:{}', 0),
(115, 12, '', 0, 0, 0, 0, 3, 'draw', '', 'a:4:{s:5:"falko";s:6:"tempai";s:10:"sanatullov";s:6:"tempai";s:11:"kozlovskaya";s:5:"noten";s:8:"timofeev";s:5:"noten";}', '', 0, 'a:1:{i:0;s:5:"falko";}', 0),
(116, 12, 'timofeev', 2, 40, 0, 1, 4, 'ron', 'sanatullov', '', '1', 0, 'a:1:{i:0;s:5:"falko";}', 0),
(117, 12, '', 0, 0, 0, 0, 4, 'draw', '', 'a:4:{s:5:"falko";s:5:"noten";s:10:"sanatullov";s:5:"noten";s:11:"kozlovskaya";s:5:"noten";s:8:"timofeev";s:6:"tempai";}', '', 0, 'a:0:{}', 0),
(118, 12, '', 0, 0, 0, 0, 4, 'draw', '', 'a:4:{s:5:"falko";s:6:"tempai";s:10:"sanatullov";s:6:"tempai";s:11:"kozlovskaya";s:5:"noten";s:8:"timofeev";s:6:"tempai";}', '', 0, 'a:1:{i:0;s:8:"timofeev";}', 0),
(119, 12, 'timofeev', 1, 30, 0, 1, 4, 'ron', 'sanatullov', '', '23', 0, 'a:0:{}', 0),
(120, 12, 'kozlovskaya', 2, 40, 0, 0, 4, 'ron', 'timofeev', '', '33', 1, 'a:2:{i:0;s:5:"falko";i:1;s:11:"kozlovskaya";}', 0),
(121, 12, 'timofeev', 1, 30, 0, 0, 5, 'ron', 'sanatullov', '', '23', 0, 'a:0:{}', 0),
(122, 12, 'sanatullov', 1, 30, 0, 1, 6, 'ron', 'falko', '', '13', 0, 'a:0:{}', 0),
(123, 12, 'kozlovskaya', 4, 40, 0, 0, 6, 'ron', 'falko', '', '23', 3, 'a:0:{}', 0),
(124, 12, 'timofeev', 3, 30, 0, 0, 7, 'tsumo', '', '', '33,36', 1, 'a:1:{i:0;s:8:"timofeev";}', 0),
(125, 13, 'goman', 0, 0, 0, 0, 1, 'chombo', '', '', '', 0, '', 0),
(126, 13, 'knyazhev', 1, 30, 0, 0, 1, 'ron', 'karpov', '', '13', 0, 'a:0:{}', 0),
(127, 13, 'knyazhev', 1, 30, 0, 0, 2, 'tsumo', '', '', '13', 0, 'a:0:{}', 0),
(128, 13, 'kuzkokov', 2, 30, 0, 0, 3, 'tsumo', '', '', '23', 1, 'a:0:{}', 0),
(129, 13, 'goman', 3, 40, 0, 0, 4, 'tsumo', '', '', '13,1', 0, 'a:0:{}', 0),
(130, 13, 'karpov', 3, 40, 0, 0, 5, 'tsumo', '', '', '14', 1, 'a:0:{}', 0),
(131, 13, '', 0, 0, 0, 0, 6, 'draw', '', 'a:4:{s:8:"kuzkokov";s:5:"noten";s:5:"goman";s:6:"tempai";s:8:"knyazhev";s:5:"noten";s:6:"karpov";s:6:"tempai";}', '', 0, 'a:0:{}', 0),
(132, 13, 'knyazhev', 5, 0, 0, 0, 6, 'ron', 'goman', '', '33', 4, 'a:1:{i:0;s:8:"knyazhev";}', 0),
(133, 13, 'karpov', 4, 30, 0, 0, 7, 'ron', 'knyazhev', '', '13', 3, 'a:0:{}', 0),
(134, 13, 'knyazhev', 6, 0, 0, 0, 8, 'tsumo', '', '', '33,35,36,8', 2, 'a:2:{i:0;s:5:"goman";i:1;s:8:"knyazhev";}', 0),
(135, 14, 'vodilov', 2, 40, 0, 0, 1, 'tsumo', '', '', '14', 0, 'a:0:{}', 0),
(136, 14, '', 0, 0, 0, 0, 2, 'draw', '', 'a:4:{s:6:"svirid";s:6:"tempai";s:7:"chernih";s:6:"tempai";s:5:"mazin";s:5:"noten";s:7:"vodilov";s:5:"noten";}', '', 0, 'a:1:{i:0;s:7:"chernih";}', 0),
(137, 14, 'mazin', 1, 30, 0, 0, 2, 'tsumo', '', '', '23', 0, 'a:1:{i:0;s:6:"svirid";}', 0),
(138, 14, 'chernih', 2, 40, 0, 0, 3, 'ron', 'mazin', '', '33,23', 0, 'a:1:{i:0;s:7:"chernih";}', 0),
(139, 14, '', 0, 0, 0, 0, 4, 'draw', '', 'a:4:{s:6:"svirid";s:6:"tempai";s:7:"chernih";s:5:"noten";s:5:"mazin";s:6:"tempai";s:7:"vodilov";s:6:"tempai";}', '', 0, 'a:0:{}', 0),
(140, 14, 'svirid', 4, 20, 0, 0, 4, 'tsumo', '', '', '33,35,36,8', 0, 'a:1:{i:0;s:6:"svirid";}', 0),
(141, 14, 'svirid', 3, 50, 0, 1, 5, 'ron', 'chernih', '', '33', 2, 'a:1:{i:0;s:6:"svirid";}', 0),
(142, 14, '', 0, 0, 0, 0, 5, 'draw', '', 'a:4:{s:6:"svirid";s:5:"noten";s:7:"chernih";s:6:"tempai";s:5:"mazin";s:6:"tempai";s:7:"vodilov";s:6:"tempai";}', '', 0, 'a:0:{}', 0),
(143, 14, 'mazin', 5, 0, 0, 0, 6, 'tsumo', '', '', '1,13', 2, 'a:1:{i:0;s:7:"chernih";}', 0),
(144, 14, 'vodilov', 6, 0, 0, 0, 7, 'ron', 'mazin', '', '28', 1, 'a:0:{}', 0),
(145, 15, '', 0, 0, 0, 0, 1, 'draw', '', 'a:4:{s:11:"goncharenko";s:6:"tempai";s:6:"levina";s:5:"noten";s:5:"levin";s:5:"noten";s:9:"sanzharov";s:6:"tempai";}', '', 0, 'a:1:{i:0;s:11:"goncharenko";}', 0),
(146, 15, 'levina', 1, 50, 0, 0, 1, 'ron', 'sanzharov', '', '13', 0, 'a:0:{}', 0),
(147, 15, '', 0, 0, 0, 0, 2, 'draw', '', 'a:4:{s:11:"goncharenko";s:5:"noten";s:6:"levina";s:5:"noten";s:5:"levin";s:6:"tempai";s:9:"sanzharov";s:6:"tempai";}', '', 0, 'a:1:{i:0;s:9:"sanzharov";}', 0),
(148, 15, 'sanzharov', 3, 20, 0, 0, 3, 'tsumo', '', '', '33,36,8', 0, 'a:1:{i:0;s:9:"sanzharov";}', 0),
(149, 15, 'levina', 3, 40, 0, 0, 4, 'ron', 'goncharenko', '', '33,13', 1, 'a:1:{i:0;s:6:"levina";}', 0),
(150, 15, '', 0, 0, 0, 0, 5, 'draw', '', 'a:4:{s:11:"goncharenko";s:6:"tempai";s:6:"levina";s:5:"noten";s:5:"levin";s:5:"noten";s:9:"sanzharov";s:5:"noten";}', '', 0, 'a:1:{i:0;s:11:"goncharenko";}', 0),
(151, 15, 'levin', 3, 40, 0, 0, 5, 'ron', 'sanzharov', '', '33,35', 1, 'a:2:{i:0;s:6:"levina";i:1;s:5:"levin";}', 0),
(152, 15, 'levin', 3, 30, 0, 0, 6, 'ron', 'goncharenko', '', '14', 1, 'a:0:{}', 0),
(153, 16, 'karasyuk', 3, 30, 0, 0, 1, 'tsumo', '', '', '33,36,9', 0, 'a:1:{i:0;s:8:"karasyuk";}', 0),
(154, 16, 'zarezin', 5, 0, 0, 1, 2, 'ron', 'novik', '', '33,8,11', 1, 'a:1:{i:0;s:7:"zarezin";}', 0),
(155, 16, 'vgolubev', 1, 30, 0, 0, 2, 'ron', 'karasyuk', '', '23', 0, 'a:1:{i:0;s:8:"karasyuk";}', 0),
(156, 16, 'novik', 4, 30, 0, 0, 3, 'ron', 'vgolubev', '', '14,27', 0, 'a:2:{i:0;s:7:"zarezin";i:1;s:8:"karasyuk";}', 0),
(157, 16, 'zarezin', 3, 40, 0, 0, 4, 'ron', 'karasyuk', '', '33', 2, 'a:1:{i:0;s:7:"zarezin";}', 0),
(158, 16, 'vgolubev', 3, 30, 0, 0, 5, 'tsumo', '', '', '24,11', 1, 'a:0:{}', 0),
(159, 16, '', 0, 0, 0, 0, 6, 'draw', '', 'a:4:{s:5:"novik";s:6:"tempai";s:7:"zarezin";s:6:"tempai";s:8:"vgolubev";s:6:"tempai";s:8:"karasyuk";s:5:"noten";}', '', 0, 'a:2:{i:0;s:5:"novik";i:1;s:7:"zarezin";}', 0),
(160, 16, 'zarezin', 1, 30, 0, 1, 6, 'ron', 'vgolubev', '', '23', 0, 'a:0:{}', 0),
(161, 16, 'karasyuk', 5, 0, 0, 0, 6, 'tsumo', '', '', '28', 0, 'a:1:{i:0;s:8:"vgolubev";}', 0),
(162, 16, 'novik', 1, 30, 0, 0, 7, 'ron', 'vgolubev', '', '13', 0, 'a:1:{i:0;s:8:"vgolubev";}', 0),
(163, 17, 'poroshin', 5, 0, 0, 1, 1, 'tsumo', '', '', '33,36', 3, 'a:1:{i:0;s:8:"poroshin";}', 0),
(164, 17, 'titova', 1, 30, 0, 0, 1, 'tsumo', '', '', '36', 0, 'a:0:{}', 0),
(165, 17, '', 0, 0, 0, 0, 2, 'draw', '', 'a:4:{s:8:"poroshin";s:6:"tempai";s:7:"sokolov";s:5:"noten";s:6:"titova";s:6:"tempai";s:8:"timofeev";s:5:"noten";}', '', 0, 'a:1:{i:0;s:6:"titova";}', 0),
(166, 17, 'sokolov', 3, 50, 0, 0, 3, 'tsumo', '', '', '27,13', 0, 'a:1:{i:0;s:8:"poroshin";}', 0),
(167, 17, 'poroshin', 1, 40, 0, 0, 4, 'ron', 'titova', '', '13', 0, 'a:0:{}', 0),
(168, 17, 'timofeev', 4, 30, 0, 0, 5, 'ron', 'titova', '', '13,27', 1, 'a:0:{}', 0),
(169, 17, 'timofeev', 4, 30, 0, 0, 6, 'ron', 'sokolov', '', '13,12,27', 0, 'a:0:{}', 0),
(170, 17, 'titova', 3, 20, 0, 1, 7, 'tsumo', '', '', '33,36,8', 0, 'a:1:{i:0;s:6:"titova";}', 0),
(171, 17, 'timofeev', 5, 0, 0, 0, 7, 'ron', 'sokolov', '', '13', 4, 'a:0:{}', 0),
(172, 17, 'timofeev', 0, 0, 0, 1, 8, 'chombo', '', '', '', 0, '', 0),
(173, 17, 'titova', 2, 30, 0, 0, 8, 'tsumo', '', '', '36,23', 0, 'a:0:{}', 0),
(174, 18, 'gubanova', 2, 30, 0, 0, 1, 'tsumo', '', '', '36,13', 0, 'a:0:{}', 0),
(175, 18, 'meshin', 4, 30, 0, 0, 2, 'ron', 'gubanova', '', '13', 3, 'a:0:{}', 0),
(176, 18, 'meshin', 1, 30, 0, 0, 3, 'ron', 'knyazhev', '', '13', 0, 'a:0:{}', 0),
(177, 18, 'gubanova', 3, 40, 0, 1, 4, 'ron', 'knyazhev', '', '33', 2, 'a:1:{i:0;s:8:"gubanova";}', 0),
(178, 18, 'meshin', 2, 60, 0, 0, 4, 'ron', 'fedorkevich', '', '33', 1, 'a:1:{i:0;s:6:"meshin";}', 0),
(179, 18, '', 0, 0, 0, 0, 5, 'draw', '', 'a:4:{s:6:"meshin";s:6:"tempai";s:11:"fedorkevich";s:5:"noten";s:8:"knyazhev";s:5:"noten";s:8:"gubanova";s:5:"noten";}', '', 0, 'a:1:{i:0;s:6:"meshin";}', 0),
(180, 18, 'fedorkevich', 1, 30, 0, 0, 5, 'ron', 'knyazhev', '', '13', 0, 'a:1:{i:0;s:8:"gubanova";}', 0),
(181, 18, 'meshin', 2, 30, 0, 0, 6, 'ron', 'knyazhev', '', '13', 1, 'a:0:{}', 0),
(182, 18, 'fedorkevich', 3, 40, 0, 0, 7, 'ron', 'gubanova', '', '33,13', 1, 'a:1:{i:0;s:11:"fedorkevich";}', 0),
(183, 18, 'fedorkevich', 2, 30, 0, 0, 8, 'tsumo', '', '', '24,11', 0, 'a:1:{i:0;s:6:"meshin";}', 0),
(184, 19, 'svirid', 2, 30, 0, 0, 1, 'ron', 'gracheva', '', '23', 1, 'a:0:{}', 0),
(185, 19, 'gracheva', 4, 40, 0, 0, 2, 'ron', 'zarezin', '', '33,35', 2, 'a:1:{i:0;s:8:"gracheva";}', 0),
(186, 19, 'zarezin', 3, 30, 0, 0, 3, 'ron', 'karpov', '', '13,27', 0, 'a:0:{}', 0),
(187, 19, 'svirid', 2, 30, 0, 1, 4, 'ron', 'gracheva', '', '14', 0, 'a:0:{}', 0),
(188, 19, 'karpov', 1, 30, 0, 0, 4, 'tsumo', '', '', '13', 0, 'a:0:{}', 0),
(189, 19, 'zarezin', 2, 30, 0, 0, 5, 'ron', 'svirid', '', '33,8', 0, 'a:1:{i:0;s:7:"zarezin";}', 0),
(190, 19, 'svirid', 3, 30, 0, 0, 6, 'ron', 'karpov', '', '14', 1, 'a:0:{}', 0),
(191, 19, 'karpov', 4, 40, 0, 0, 7, 'ron', 'svirid', '', '33', 3, 'a:1:{i:0;s:6:"karpov";}', 0),
(192, 19, 'zarezin', 3, 40, 0, 0, 8, 'ron', 'gracheva', '', '33,41', 1, 'a:1:{i:0;s:7:"zarezin";}', 0),
(193, 20, 'vodilov', 4, 40, 0, 0, 1, 'ron', 'matveeva', '', '33,23,9', 1, 'a:1:{i:0;s:7:"vodilov";}', 0),
(194, 20, '', 0, 0, 0, 0, 2, 'draw', '', 'a:4:{s:8:"matveeva";s:6:"tempai";s:7:"vodilov";s:6:"tempai";s:10:"maslatsova";s:5:"noten";s:11:"kozlovskaya";s:5:"noten";}', '', 0, 'a:1:{i:0;s:7:"vodilov";}', 0),
(195, 20, '', 0, 0, 0, 0, 2, 'draw', '', 'a:4:{s:8:"matveeva";s:5:"noten";s:7:"vodilov";s:6:"tempai";s:10:"maslatsova";s:5:"noten";s:11:"kozlovskaya";s:6:"tempai";}', '', 0, 'a:0:{}', 0),
(196, 20, 'matveeva', 1, 30, 0, 0, 2, 'ron', 'kozlovskaya', '', '13', 0, 'a:0:{}', 0),
(197, 20, 'maslatsova', 0, 0, 0, 1, 3, 'chombo', '', '', '', 0, '', 0),
(198, 20, 'matveeva', 2, 40, 0, 0, 3, 'ron', 'vodilov', '', '33', 1, 'a:1:{i:0;s:8:"matveeva";}', 0),
(199, 20, 'maslatsova', 1, 30, 0, 0, 4, 'tsumo', '', '', '12', 0, 'a:0:{}', 0),
(200, 20, '', 0, 0, 0, 0, 5, 'draw', '', 'a:4:{s:8:"matveeva";s:5:"noten";s:7:"vodilov";s:5:"noten";s:10:"maslatsova";s:5:"noten";s:11:"kozlovskaya";s:5:"noten";}', '', 0, 'a:0:{}', 0),
(201, 20, 'maslatsova', 3, 30, 0, 0, 6, 'ron', 'vodilov', '', '33,23,8', 0, 'a:1:{i:0;s:10:"maslatsova";}', 0),
(202, 20, 'vodilov', 5, 0, 0, 0, 7, 'tsumo', '', '', '33,9,8,36', 1, 'a:1:{i:0;s:7:"vodilov";}', 0),
(203, 21, 'sanatullov', 5, 0, 0, 0, 1, 'ron', 'mazin', '', '13,1,4', 0, 'a:0:{}', 0),
(204, 21, 'mazin', 1, 30, 0, 0, 2, 'ron', 'sanatullov', '', '23', 0, 'a:1:{i:0;s:10:"sanatullov";}', 0),
(205, 21, 'trubitsina', 1, 30, 0, 1, 3, 'tsumo', '', '', '13', 0, 'a:0:{}', 0),
(206, 21, 'kim', 3, 30, 0, 0, 3, 'ron', 'sanatullov', '', '33,8', 1, 'a:1:{i:0;s:3:"kim";}', 0),
(207, 21, 'kim', 5, 0, 0, 1, 4, 'tsumo', '', '', '33,8,36', 2, 'a:2:{i:0;s:10:"trubitsina";i:1;s:3:"kim";}', 0),
(208, 21, 'mazin', 1, 30, 0, 0, 4, 'tsumo', '', '', '23', 0, 'a:1:{i:0;s:10:"sanatullov";}', 0),
(209, 21, 'trubitsina', 7, 0, 0, 0, 5, 'ron', 'sanatullov', '', '33', 6, 'a:1:{i:0;s:10:"trubitsina";}', 0),
(210, 21, '', 0, 0, 0, 0, 6, 'draw', '', 'a:4:{s:5:"mazin";s:5:"noten";s:10:"sanatullov";s:6:"tempai";s:10:"trubitsina";s:6:"tempai";s:3:"kim";s:6:"tempai";}', '', 0, 'a:0:{}', 0),
(211, 21, 'sanatullov', 3, 40, 0, 1, 6, 'ron', 'trubitsina', '', '33', 2, 'a:1:{i:0;s:10:"sanatullov";}', 0),
(212, 21, 'sanatullov', 2, 30, 0, 1, 6, 'ron', 'mazin', '', '23', 1, 'a:0:{}', 0),
(213, 21, 'mazin', 1, 30, 0, 0, 6, 'ron', 'trubitsina', '', '13', 0, 'a:0:{}', 0),
(214, 22, '', 0, 0, 0, 0, 1, 'draw', '', 'a:4:{s:8:"kuzkokov";s:5:"noten";s:8:"stolbova";s:6:"tempai";s:5:"levin";s:5:"noten";s:5:"falko";s:5:"noten";}', '', 0, 'a:0:{}', 0),
(215, 22, 'falko', 2, 40, 0, 0, 2, 'ron', 'kuzkokov', '', '33', 1, 'a:1:{i:0;s:5:"falko";}', 0),
(216, 22, '', 0, 0, 0, 0, 3, 'draw', '', 'a:4:{s:8:"kuzkokov";s:6:"tempai";s:8:"stolbova";s:6:"tempai";s:5:"levin";s:6:"tempai";s:5:"falko";s:6:"tempai";}', '', 0, 'a:0:{}', 0),
(217, 22, 'levin', 2, 30, 0, 1, 3, 'ron', 'falko', '', '33,8', 0, 'a:1:{i:0;s:5:"levin";}', 0),
(218, 22, 'falko', 5, 0, 0, 0, 3, 'tsumo', '', '', '33,36,23,8,9', 0, 'a:1:{i:0;s:5:"falko";}', 0),
(219, 22, 'falko', 1, 30, 0, 1, 4, 'ron', 'levin', '', '13', 0, 'a:0:{}', 0),
(220, 22, '', 0, 0, 0, 0, 4, 'draw', '', 'a:4:{s:8:"kuzkokov";s:5:"noten";s:8:"stolbova";s:6:"tempai";s:5:"levin";s:5:"noten";s:5:"falko";s:5:"noten";}', '', 0, 'a:0:{}', 0),
(221, 22, 'kuzkokov', 3, 30, 0, 1, 5, 'ron', 'levin', '', '33,8', 1, 'a:1:{i:0;s:8:"kuzkokov";}', 0),
(222, 22, '', 0, 0, 0, 0, 5, 'draw', '', 'a:4:{s:8:"kuzkokov";s:6:"tempai";s:8:"stolbova";s:6:"tempai";s:5:"levin";s:5:"noten";s:5:"falko";s:5:"noten";}', '', 0, 'a:1:{i:0;s:8:"stolbova";}', 0),
(223, 22, 'kuzkokov', 1, 30, 0, 1, 5, 'ron', 'stolbova', '', '13', 0, 'a:1:{i:0;s:5:"falko";}', 0),
(224, 22, '', 0, 0, 0, 0, 5, 'draw', '', 'a:4:{s:8:"kuzkokov";s:5:"noten";s:8:"stolbova";s:5:"noten";s:5:"levin";s:5:"noten";s:5:"falko";s:5:"noten";}', '', 0, 'a:1:{i:0;s:5:"falko";}', 0),
(225, 22, 'levin', 1, 40, 0, 0, 6, 'ron', 'falko', '', '13', 0, 'a:0:{}', 0),
(226, 23, 'sanzharov', 6, 0, 0, 0, 1, 'ron', 'goncharenko', '', '13,1', 3, 'a:1:{i:0;s:5:"goman";}', 0),
(227, 23, 'goncharenko', 2, 30, 0, 1, 2, 'ron', 'sanzharov', '', '14', 0, 'a:0:{}', 0),
(228, 23, 'goman', 4, 30, 0, 0, 2, 'ron', 'vgolubev', '', '13', 3, 'a:0:{}', 0),
(229, 23, 'goman', 3, 30, 0, 0, 3, 'tsumo', '', '', '33,36,9', 0, 'a:1:{i:0;s:5:"goman";}', 0),
(230, 23, 'goman', 3, 40, 0, 0, 4, 'ron', 'goncharenko', '', '33', 2, 'a:2:{i:0;s:5:"goman";i:1;s:9:"sanzharov";}', 0),
(231, 23, 'goncharenko', 1, 40, 0, 0, 5, 'ron', 'sanzharov', '', '23', 0, 'a:0:{}', 0),
(232, 23, 'goncharenko', 2, 40, 0, 1, 6, 'ron', 'sanzharov', '', '27', 0, 'a:0:{}', 0),
(233, 23, 'goncharenko', 1, 30, 0, 1, 6, 'ron', 'vgolubev', '', '23', 0, 'a:0:{}', 0),
(234, 23, 'vgolubev', 1, 40, 0, 0, 6, 'tsumo', '', '', '13', 0, 'a:0:{}', 0),
(235, 23, 'goman', 3, 25, 0, 0, 7, 'ron', 'sanzharov', '', '33,31', 0, 'a:2:{i:0;s:5:"goman";i:1;s:9:"sanzharov";}', 0),
(236, 24, 'novik', 2, 40, 0, 1, 1, 'ron', 'chernih', '', '33,23', 0, 'a:1:{i:0;s:5:"novik";}', 0),
(237, 24, 'novik', 1, 40, 0, 1, 1, 'ron', 'chernih', '', '33', 0, 'a:1:{i:0;s:5:"novik";}', 0),
(238, 24, 'chernih', 2, 40, 0, 0, 1, 'tsumo', '', '', '1', 0, 'a:0:{}', 0),
(239, 24, 'chernih', 4, 30, 0, 1, 2, 'ron', 'novik', '', '33,8', 2, 'a:1:{i:0;s:7:"chernih";}', 0),
(240, 24, 'karasyuk', 1, 30, 0, 0, 2, 'ron', 'novik', '', '13', 0, 'a:0:{}', 0),
(241, 24, 'karasyuk', 2, 30, 0, 1, 3, 'ron', 'chernih', '', '23', 1, 'a:0:{}', 0),
(242, 24, 'chernih', 4, 50, 0, 0, 3, 'ron', 'novik', '', '13', 3, 'a:0:{}', 0),
(243, 24, 'levina', 1, 30, 0, 1, 4, 'ron', 'novik', '', '13', 0, 'a:0:{}', 0),
(244, 24, 'chernih', 1, 30, 0, 0, 4, 'ron', 'novik', '', '23', 0, 'a:0:{}', 0),
(245, 24, 'levina', 2, 30, 0, 0, 5, 'ron', 'chernih', '', '33,8', 0, 'a:1:{i:0;s:6:"levina";}', 0),
(246, 24, 'novik', 3, 30, 0, 0, 6, 'ron', 'chernih', '', '23,11', 1, 'a:0:{}', 0),
(247, 24, 'levina', 2, 30, 0, 0, 7, 'tsumo', '', '', '13', 1, 'a:0:{}', 0),
(248, 25, '', 0, 0, 0, 0, 1, 'draw', '', 'a:4:{s:11:"kozlovskaya";s:5:"noten";s:6:"titova";s:6:"tempai";s:8:"gubanova";s:5:"noten";s:6:"karpov";s:5:"noten";}', '', 0, 'a:0:{}', 0),
(249, 25, '', 0, 0, 0, 0, 2, 'draw', '', 'a:4:{s:11:"kozlovskaya";s:5:"noten";s:6:"titova";s:6:"tempai";s:8:"gubanova";s:5:"noten";s:6:"karpov";s:6:"tempai";}', '', 0, 'a:1:{i:0;s:6:"titova";}', 0),
(250, 25, 'titova', 2, 40, 0, 1, 2, 'tsumo', '', '', '27', 0, 'a:0:{}', 0),
(251, 25, 'kozlovskaya', 1, 30, 0, 0, 2, 'ron', 'titova', '', '13', 0, 'a:0:{}', 0),
(252, 25, '', 0, 0, 0, 0, 3, 'draw', '', 'a:4:{s:11:"kozlovskaya";s:6:"tempai";s:6:"titova";s:6:"tempai";s:8:"gubanova";s:6:"tempai";s:6:"karpov";s:6:"tempai";}', '', 0, 'a:1:{i:0;s:6:"karpov";}', 0),
(253, 25, 'titova', 4, 20, 0, 0, 3, 'tsumo', '', '', '33,8,36', 1, 'a:2:{i:0;s:6:"titova";i:1;s:6:"karpov";}', 0),
(254, 25, 'kozlovskaya', 1, 40, 0, 0, 4, 'ron', 'titova', '', '23', 0, 'a:0:{}', 0),
(255, 25, 'karpov', 4, 40, 0, 0, 5, 'ron', 'titova', '', '33,25', 0, 'a:1:{i:0;s:6:"karpov";}', 0),
(256, 25, 'gubanova', 1, 30, 0, 0, 6, 'tsumo', '', '', '23', 0, 'a:0:{}', 0),
(257, 25, 'titova', 5, 0, 0, 0, 7, 'tsumo', '', '', '33,36,23,8', 1, 'a:2:{i:0;s:11:"kozlovskaya";i:1;s:6:"titova";}', 0),
(258, 26, 'zarezin', 1, 30, 0, 1, 1, 'ron', 'kim', '', '13', 0, 'a:0:{}', 0),
(259, 26, 'poroshin', 2, 30, 0, 0, 1, 'ron', 'meshin', '', '13', 1, 'a:0:{}', 0),
(260, 26, 'zarezin', 2, 30, 0, 0, 2, 'ron', 'poroshin', '', '33,8', 0, 'a:2:{i:0;s:7:"zarezin";i:1;s:3:"kim";}', 0),
(261, 26, 'meshin', 3, 30, 0, 1, 3, 'tsumo', '', '', '13,27', 0, 'a:1:{i:0;s:3:"kim";}', 0),
(262, 26, 'kim', 2, 30, 0, 0, 3, 'ron', 'zarezin', '', '33,8', 0, 'a:1:{i:0;s:3:"kim";}', 0),
(263, 26, '', 0, 0, 0, 0, 4, 'draw', '', 'a:4:{s:7:"zarezin";s:5:"noten";s:3:"kim";s:5:"noten";s:6:"meshin";s:5:"noten";s:8:"poroshin";s:6:"tempai";}', '', 0, 'a:1:{i:0;s:8:"poroshin";}', 0),
(264, 26, 'zarezin', 1, 30, 0, 0, 4, 'ron', 'kim', '', '23', 0, 'a:0:{}', 0),
(265, 26, 'zarezin', 3, 30, 0, 1, 5, 'tsumo', '', '', '36,23', 1, 'a:0:{}', 0),
(266, 26, '', 0, 0, 0, 0, 5, 'draw', '', 'a:4:{s:7:"zarezin";s:6:"tempai";s:3:"kim";s:6:"tempai";s:6:"meshin";s:5:"noten";s:8:"poroshin";s:6:"tempai";}', '', 0, 'a:0:{}', 0),
(267, 26, 'poroshin', 3, 30, 0, 0, 5, 'ron', 'kim', '', '33,8,23', 0, 'a:2:{i:0;s:3:"kim";i:1;s:8:"poroshin";}', 0),
(268, 26, 'kim', 5, 0, 0, 1, 6, 'ron', 'poroshin', '', '33,35,8,12', 0, 'a:2:{i:0;s:3:"kim";i:1;s:8:"poroshin";}', 0),
(269, 27, 'sokolov', 2, 30, 0, 1, 1, 'tsumo', '', '', '33,36', 0, 'a:1:{i:0;s:7:"sokolov";}', 0),
(270, 27, 'sokolov', 2, 30, 0, 1, 1, 'ron', 'fedorkevich', '', '33,8', 0, 'a:1:{i:0;s:7:"sokolov";}', 0),
(271, 27, 'gracheva', 2, 30, 0, 0, 1, 'ron', 'sokolov', '', '8,23', 0, 'a:1:{i:0;s:11:"fedorkevich";}', 0),
(272, 27, '', 0, 0, 0, 0, 2, 'draw', '', 'a:4:{s:7:"sokolov";s:5:"noten";s:8:"gracheva";s:6:"tempai";s:11:"fedorkevich";s:6:"tempai";s:7:"vodilov";s:5:"noten";}', '', 0, 'a:0:{}', 0),
(273, 27, 'fedorkevich', 3, 40, 0, 0, 2, 'tsumo', '', '', '1,13', 0, 'a:0:{}', 0),
(274, 27, 'vodilov', 5, 0, 0, 0, 3, 'tsumo', '', '', '33,35,36,8,9', 0, 'a:1:{i:0;s:7:"vodilov";}', 0),
(275, 27, 'fedorkevich', 4, 30, 0, 0, 4, 'ron', 'gracheva', '', '33,23,8', 1, 'a:1:{i:0;s:11:"fedorkevich";}', 0),
(276, 27, 'fedorkevich', 1, 30, 0, 0, 5, 'ron', 'sokolov', '', '23', 0, 'a:0:{}', 0),
(277, 27, 'gracheva', 1, 30, 0, 1, 6, 'tsumo', '', '', '24', 0, 'a:0:{}', 0),
(278, 27, 'vodilov', 3, 40, 0, 0, 6, 'ron', 'gracheva', '', '33,35', 1, 'a:1:{i:0;s:7:"vodilov";}', 0),
(279, 27, 'fedorkevich', 2, 30, 0, 1, 7, 'ron', 'vodilov', '', '23', 1, 'a:0:{}', 0),
(280, 27, 'vodilov', 2, 30, 0, 0, 7, 'ron', 'fedorkevich', '', '13', 1, 'a:0:{}', 0),
(281, 27, 'fedorkevich', 1, 30, 0, 0, 8, 'ron', 'sokolov', '', '13', 0, 'a:1:{i:0;s:7:"sokolov";}', 0),
(282, 28, 'stolbova', 2, 40, 0, 1, 1, 'tsumo', '', '', '14', 0, 'a:0:{}', 0),
(283, 28, 'stolbova', 2, 30, 0, 1, 1, 'ron', 'matveeva', '', '33,8', 0, 'a:2:{i:0;s:8:"stolbova";i:1;s:8:"timofeev";}', 0),
(284, 28, 'timofeev', 3, 30, 0, 0, 1, 'tsumo', '', '', '33,36,23', 0, 'a:1:{i:0;s:8:"timofeev";}', 0),
(285, 28, 'timofeev', 1, 30, 0, 0, 2, 'tsumo', '', '', '36', 0, 'a:1:{i:0;s:8:"matveeva";}', 0),
(286, 28, 'timofeev', 1, 30, 0, 0, 3, 'ron', 'stolbova', '', '13', 0, 'a:0:{}', 0),
(287, 28, 'timofeev', 4, 30, 0, 1, 4, 'ron', 'stolbova', '', '23', 3, 'a:0:{}', 0),
(288, 28, 'matveeva', 1, 30, 0, 0, 4, 'ron', 'levina', '', '13', 0, 'a:0:{}', 0),
(289, 28, 'timofeev', 4, 40, 0, 0, 5, 'ron', 'matveeva', '', '13', 3, 'a:0:{}', 0),
(290, 28, 'matveeva', 3, 40, 0, 0, 6, 'ron', 'levina', '', '23,1', 0, 'a:0:{}', 0),
(291, 28, 'timofeev', 1, 30, 0, 0, 7, 'tsumo', '', '', '13', 0, 'a:0:{}', 0),
(292, 28, 'matveeva', 3, 40, 0, 0, 8, 'ron', 'stolbova', '', '24,13', 0, 'a:0:{}', 0),
(293, 29, 'kuzkokov', 6, 0, 0, 0, 1, 'tsumo', '', '', '33,35,36,23,8,9', 0, 'a:2:{i:0;s:8:"kuzkokov";i:1;s:8:"vgolubev";}', 0),
(294, 29, 'mazin', 2, 30, 0, 0, 2, 'ron', 'vgolubev', '', '33,8', 0, 'a:1:{i:0;s:5:"mazin";}', 0),
(295, 29, 'kuzkokov', 4, 40, 0, 0, 3, 'tsumo', '', '', '13,27', 1, 'a:0:{}', 0),
(296, 29, 'mazin', 2, 40, 0, 0, 4, 'ron', 'vgolubev', '', '24', 1, 'a:0:{}', 0),
(297, 29, 'kuzkokov', 2, 30, 0, 0, 5, 'ron', 'mazin', '', '13', 1, 'a:0:{}', 0),
(298, 29, 'vgolubev', 2, 30, 0, 0, 6, 'ron', 'mazin', '', '23', 1, 'a:0:{}', 0),
(299, 29, 'kuzkokov', 1, 30, 0, 0, 7, 'ron', 'vgolubev', '', '23', 0, 'a:0:{}', 0),
(300, 29, '', 0, 0, 0, 0, 8, 'draw', '', 'a:4:{s:10:"maslatsova";s:5:"noten";s:8:"kuzkokov";s:5:"noten";s:5:"mazin";s:5:"noten";s:8:"vgolubev";s:6:"tempai";}', '', 0, 'a:1:{i:0;s:8:"vgolubev";}', 0),
(301, 29, 'kuzkokov', 2, 30, 0, 0, 8, 'tsumo', '', '', '27', 0, 'a:0:{}', 0),
(302, 30, 'sanatullov', 5, 0, 0, 1, 1, 'tsumo', '', '', '33,8,23,9,36', 0, 'a:2:{i:0;s:10:"sanatullov";i:1;s:5:"goman";}', 0),
(303, 30, 'levin', 3, 40, 0, 0, 1, 'ron', 'goman', '', '13,1', 0, 'a:0:{}', 0),
(304, 30, '', 0, 0, 0, 0, 2, 'draw', '', 'a:4:{s:10:"sanatullov";s:6:"tempai";s:5:"levin";s:5:"noten";s:5:"goman";s:5:"noten";s:8:"karasyuk";s:5:"noten";}', '', 0, 'a:1:{i:0;s:10:"sanatullov";}', 0),
(305, 30, 'levin', 2, 30, 0, 0, 3, 'tsumo', '', '', '33,36', 0, 'a:1:{i:0;s:5:"levin";}', 0),
(306, 30, 'sanatullov', 2, 30, 0, 0, 4, 'tsumo', '', '', '11,36', 0, 'a:0:{}', 0),
(307, 30, 'sanatullov', 7, 0, 0, 1, 5, 'ron', 'levin', '', '28', 2, 'a:1:{i:0;s:5:"goman";}', 0),
(308, 30, 'goman', 1, 30, 0, 0, 5, 'ron', 'sanatullov', '', '13', 0, 'a:0:{}', 0),
(309, 30, 'karasyuk', 2, 40, 0, 0, 6, 'ron', 'sanatullov', '', '33', 1, 'a:1:{i:0;s:8:"karasyuk";}', 0),
(310, 30, 'sanatullov', 1, 30, 0, 0, 7, 'ron', 'levin', '', '24', 0, 'a:0:{}', 0),
(311, 30, '', 0, 0, 0, 0, 8, 'draw', '', 'a:4:{s:10:"sanatullov";s:5:"noten";s:5:"levin";s:5:"noten";s:5:"goman";s:6:"tempai";s:8:"karasyuk";s:5:"noten";}', '', 0, 'a:1:{i:0;s:5:"goman";}', 0),
(312, 31, 'sanzharov', 0, 0, 0, 1, 1, 'chombo', '', '', '', 0, '', 0),
(313, 31, 'falko', 4, 40, 0, 0, 1, 'ron', 'svirid', '', '33,35,9,23', 0, 'a:1:{i:0;s:5:"falko";}', 0),
(314, 31, 'falko', 3, 20, 0, 0, 2, 'tsumo', '', '', '33,36,8', 0, 'a:1:{i:0;s:5:"falko";}', 0),
(315, 31, 'falko', 2, 40, 0, 1, 3, 'tsumo', '', '', '13,38', 0, 'a:0:{}', 0),
(316, 31, 'chernih', 1, 30, 0, 0, 3, 'ron', 'sanzharov', '', '13', 0, 'a:0:{}', 0),
(317, 31, 'falko', 1, 40, 0, 0, 4, 'ron', 'chernih', '', '33', 0, 'a:1:{i:0;s:5:"falko";}', 0),
(318, 31, 'svirid', 2, 40, 0, 0, 5, 'ron', 'chernih', '', '33,9', 0, 'a:1:{i:0;s:6:"svirid";}', 0),
(319, 31, 'falko', 5, 0, 0, 0, 6, 'ron', 'sanzharov', '', '33,9,35,8', 1, 'a:1:{i:0;s:5:"falko";}', 0),
(320, 31, 'sanzharov', 2, 30, 0, 0, 7, 'ron', 'svirid', '', '33,8', 0, 'a:2:{i:0;s:9:"sanzharov";i:1;s:6:"svirid";}', 0),
(321, 31, 'chernih', 6, 0, 0, 1, 8, 'tsumo', '', '', '33,35,36', 3, 'a:1:{i:0;s:7:"chernih";}', 0),
(322, 31, 'falko', 2, 30, 0, 0, 8, 'ron', 'sanzharov', '', '14', 0, 'a:0:{}', 0),
(323, 32, 'trubitsina', 3, 40, 0, 0, 1, 'ron', 'goncharenko', '', '13,1', 0, 'a:0:{}', 0),
(324, 32, 'knyazhev', 2, 30, 0, 0, 2, 'ron', 'goncharenko', '', '13', 1, 'a:1:{i:0;s:11:"goncharenko";}', 0),
(325, 32, 'trubitsina', 1, 30, 0, 0, 3, 'tsumo', '', '', '13', 0, 'a:0:{}', 0),
(326, 32, 'knyazhev', 4, 30, 0, 1, 4, 'tsumo', '', '', '33,23,36', 1, 'a:1:{i:0;s:8:"knyazhev";}', 0),
(327, 32, 'knyazhev', 3, 30, 0, 1, 4, 'tsumo', '', '', '23', 2, 'a:0:{}', 0),
(328, 32, 'knyazhev', 3, 20, 0, 1, 4, 'tsumo', '', '', '33,8,36', 0, 'a:1:{i:0;s:8:"knyazhev";}', 0),
(329, 32, 'trubitsina', 1, 30, 0, 0, 4, 'ron', 'novik', '', '13', 0, 'a:0:{}', 0),
(330, 32, '', 0, 0, 0, 0, 5, 'draw', '', 'a:4:{s:11:"goncharenko";s:5:"noten";s:10:"trubitsina";s:6:"tempai";s:5:"novik";s:5:"noten";s:8:"knyazhev";s:6:"tempai";}', '', 0, 'a:0:{}', 0),
(331, 32, 'knyazhev', 3, 30, 0, 0, 6, 'tsumo', '', '', '33,13,36', 0, 'a:1:{i:0;s:8:"knyazhev";}', 0),
(332, 32, 'goncharenko', 5, 0, 0, 0, 7, 'ron', 'trubitsina', '', '33,35,23,9', 1, 'a:1:{i:0;s:11:"goncharenko";}', 0),
(333, 32, 'goncharenko', 1, 40, 0, 0, 8, 'ron', 'novik', '', '33', 0, 'a:1:{i:0;s:11:"goncharenko";}', 0),
(334, 33, 'sokolov', 2, 40, 0, 0, 1, 'ron', 'karpov', '', '33,23', 0, 'a:2:{i:0;s:8:"knyazhev";i:1;s:7:"sokolov";}', 0),
(335, 33, 'sokolov', 1, 30, 0, 0, 2, 'ron', 'karpov', '', '13', 0, 'a:0:{}', 0),
(336, 33, 'sokolov', 2, 40, 0, 1, 3, 'ron', 'knyazhev', '', '33,23', 0, 'a:1:{i:0;s:7:"sokolov";}', 0),
(337, 33, 'knyazhev', 5, 0, 0, 0, 3, 'ron', 'sokolov', '', '33,8,9', 2, 'a:1:{i:0;s:8:"knyazhev";}', 0),
(338, 33, 'karpov', 1, 30, 0, 1, 4, 'ron', 'sokolov', '', '23', 0, 'a:0:{}', 0),
(339, 33, 'sokolov', 1, 30, 0, 0, 4, 'ron', 'kim', '', '13', 0, 'a:0:{}', 0),
(340, 33, '', 0, 0, 0, 0, 5, 'draw', '', 'a:4:{s:8:"knyazhev";s:5:"noten";s:3:"kim";s:6:"tempai";s:7:"sokolov";s:5:"noten";s:6:"karpov";s:6:"tempai";}', '', 0, 'a:1:{i:0;s:6:"karpov";}', 0),
(341, 33, 'karpov', 4, 20, 0, 0, 6, 'tsumo', '', '', '33,8,23,36', 0, 'a:1:{i:0;s:6:"karpov";}', 0),
(342, 33, 'kim', 2, 30, 0, 0, 7, 'ron', 'knyazhev', '', '33,8', 0, 'a:2:{i:0;s:8:"knyazhev";i:1;s:3:"kim";}', 0),
(343, 33, 'sokolov', 5, 0, 0, 0, 8, 'ron', 'karpov', '', '28', 0, 'a:0:{}', 0),
(344, 34, 'matveeva', 1, 30, 0, 0, 1, 'tsumo', '', '', '13', 0, 'a:1:{i:0;s:7:"vodilov";}', 0),
(345, 34, 'timofeev', 1, 30, 0, 1, 2, 'tsumo', '', '', '13', 0, 'a:0:{}', 0),
(346, 34, '', 0, 0, 0, 0, 2, 'draw', '', 'a:4:{s:7:"zarezin";s:5:"noten";s:8:"timofeev";s:6:"tempai";s:8:"matveeva";s:5:"noten";s:7:"vodilov";s:6:"tempai";}', '', 0, 'a:0:{}', 0),
(347, 34, 'timofeev', 7, 0, 0, 1, 2, 'ron', 'vodilov', '', '27,13', 4, 'a:0:{}', 0),
(348, 34, 'timofeev', 1, 30, 0, 1, 2, 'ron', 'vodilov', '', '23', 0, 'a:0:{}', 0),
(349, 34, 'vodilov', 6, 0, 0, 0, 2, 'tsumo', '', '', '27,13', 3, 'a:0:{}', 0),
(350, 34, 'zarezin', 1, 30, 0, 0, 3, 'ron', 'timofeev', '', '13', 0, 'a:0:{}', 0),
(351, 34, 'vodilov', 6, 0, 0, 1, 4, 'ron', 'matveeva', '', '28', 0, 'a:0:{}', 0),
(352, 34, '', 0, 0, 0, 0, 4, 'draw', '', 'a:4:{s:7:"zarezin";s:5:"noten";s:8:"timofeev";s:5:"noten";s:8:"matveeva";s:6:"tempai";s:7:"vodilov";s:5:"noten";}', '', 0, 'a:0:{}', 0),
(353, 34, 'timofeev', 1, 30, 0, 0, 5, 'ron', 'matveeva', '', '13', 0, 'a:0:{}', 0),
(354, 34, 'timofeev', 3, 40, 0, 1, 6, 'ron', 'zarezin', '', '33', 2, 'a:1:{i:0;s:8:"timofeev";}', 0),
(355, 34, 'vodilov', 3, 40, 0, 0, 6, 'ron', 'matveeva', '', '23,9', 1, 'a:1:{i:0;s:8:"matveeva";}', 0),
(356, 34, 'matveeva', 3, 30, 0, 1, 7, 'tsumo', '', '', '33,23,36', 0, 'a:1:{i:0;s:8:"matveeva";}', 0),
(357, 35, 'kuzkokov', 4, 30, 0, 0, 1, 'tsumo', '', '', '33,36', 2, 'a:1:{i:0;s:8:"kuzkokov";}', 0),
(358, 35, 'titova', 3, 30, 0, 1, 2, 'ron', 'kuzkokov', '', '33,8', 1, 'a:2:{i:0;s:10:"sanatullov";i:1;s:6:"titova";}', 0),
(359, 35, 'titova', 3, 30, 0, 1, 2, 'tsumo', '', '', '27,13', 0, 'a:0:{}', 0),
(360, 35, 'sanatullov', 3, 40, 0, 0, 2, 'ron', 'titova', '', '33,35,23', 0, 'a:2:{i:0;s:10:"sanatullov";i:1;s:6:"titova";}', 0),
(361, 35, 'sanatullov', 3, 50, 0, 0, 3, 'ron', 'titova', '', '24,14', 0, 'a:0:{}', 0),
(362, 35, 'sanatullov', 4, 40, 0, 0, 4, 'ron', 'titova', '', '33', 3, 'a:1:{i:0;s:10:"sanatullov";}', 0),
(363, 35, 'kuzkokov', 1, 30, 0, 0, 5, 'ron', 'meshin', '', '23', 0, 'a:0:{}', 0),
(364, 35, 'titova', 1, 40, 0, 1, 6, 'ron', 'meshin', '', '13', 0, 'a:1:{i:0;s:6:"meshin";}', 0),
(365, 35, '', 0, 0, 0, 0, 6, 'draw', '', 'a:4:{s:10:"sanatullov";s:6:"tempai";s:6:"titova";s:6:"tempai";s:8:"kuzkokov";s:6:"tempai";s:6:"meshin";s:5:"noten";}', '', 0, 'a:0:{}', 0),
(366, 35, '', 0, 0, 0, 0, 6, 'draw', '', 'a:4:{s:10:"sanatullov";s:6:"tempai";s:6:"titova";s:6:"tempai";s:8:"kuzkokov";s:5:"noten";s:6:"meshin";s:6:"tempai";}', '', 0, 'a:0:{}', 0),
(367, 35, 'meshin', 1, 30, 0, 0, 6, 'ron', 'titova', '', '13', 0, 'a:1:{i:0;s:8:"kuzkokov";}', 0),
(368, 36, 'poroshin', 5, 0, 0, 0, 1, 'tsumo', '', '', '33,36,8', 2, 'a:1:{i:0;s:8:"poroshin";}', 0),
(369, 36, '', 0, 0, 0, 0, 2, 'draw', '', 'a:4:{s:5:"falko";s:6:"tempai";s:8:"gubanova";s:5:"noten";s:11:"fedorkevich";s:5:"noten";s:8:"poroshin";s:6:"tempai";}', '', 0, 'a:2:{i:0;s:5:"falko";i:1;s:8:"poroshin";}', 0),
(370, 36, 'gubanova', 5, 0, 0, 0, 3, 'tsumo', '', '', '11,33,36', 1, 'a:1:{i:0;s:8:"gubanova";}', 0),
(371, 36, 'poroshin', 2, 30, 0, 1, 4, 'ron', 'falko', '', '33,8', 0, 'a:2:{i:0;s:5:"falko";i:1;s:8:"poroshin";}', 0),
(372, 36, 'falko', 1, 30, 0, 0, 4, 'ron', 'gubanova', '', '23', 0, 'a:0:{}', 0),
(373, 36, 'falko', 4, 40, 0, 1, 5, 'ron', 'poroshin', '', '33,9', 2, 'a:1:{i:0;s:5:"falko";}', 0),
(374, 36, '', 0, 0, 0, 0, 5, 'draw', '', 'a:4:{s:5:"falko";s:6:"tempai";s:8:"gubanova";s:5:"noten";s:11:"fedorkevich";s:5:"noten";s:8:"poroshin";s:6:"tempai";}', '', 0, 'a:0:{}', 0),
(375, 36, 'falko', 1, 30, 0, 1, 5, 'tsumo', '', '', '23', 0, 'a:1:{i:0;s:8:"gubanova";}', 0),
(376, 36, 'gubanova', 2, 30, 0, 0, 5, 'ron', 'falko', '', '41', 1, 'a:0:{}', 0),
(377, 36, 'fedorkevich', 3, 30, 0, 0, 6, 'tsumo', '', '', '33,36', 1, 'a:2:{i:0;s:5:"falko";i:1;s:11:"fedorkevich";}', 0),
(378, 36, 'falko', 4, 30, 0, 0, 7, 'tsumo', '', '', '36', 3, 'a:0:{}', 0),
(379, 36, 'falko', 1, 30, 0, 0, 8, 'ron', 'poroshin', '', '8', 0, 'a:1:{i:0;s:8:"gubanova";}', 0),
(380, 37, '', 0, 0, 0, 0, 1, 'draw', '', 'a:4:{s:6:"svirid";s:6:"tempai";s:5:"levin";s:6:"tempai";s:8:"vgolubev";s:5:"noten";s:10:"trubitsina";s:6:"tempai";}', '', 0, 'a:2:{i:0;s:6:"svirid";i:1;s:10:"trubitsina";}', 0),
(381, 37, 'levin', 1, 40, 0, 0, 1, 'ron', 'trubitsina', '', '33', 0, 'a:1:{i:0;s:5:"levin";}', 0),
(382, 37, '', 0, 0, 0, 0, 2, 'draw', '', 'a:4:{s:6:"svirid";s:6:"tempai";s:5:"levin";s:5:"noten";s:8:"vgolubev";s:6:"tempai";s:10:"trubitsina";s:6:"tempai";}', '', 0, 'a:1:{i:0;s:8:"vgolubev";}', 0),
(383, 37, 'vgolubev', 2, 40, 0, 1, 3, 'ron', 'svirid', '', '27', 0, 'a:0:{}', 0),
(384, 37, 'svirid', 4, 40, 0, 0, 3, 'tsumo', '', '', '13', 3, 'a:0:{}', 0),
(385, 37, 'svirid', 2, 30, 0, 0, 4, 'ron', 'levin', '', '23', 1, 'a:1:{i:0;s:5:"levin";}', 0),
(386, 37, 'levin', 1, 30, 0, 0, 5, 'tsumo', '', '', '23', 0, 'a:0:{}', 0),
(387, 37, 'trubitsina', 3, 30, 0, 0, 6, 'ron', 'levin', '', '33', 2, 'a:1:{i:0;s:10:"trubitsina";}', 0),
(388, 37, 'levin', 4, 40, 0, 0, 7, 'tsumo', '', '', '13,36', 2, 'a:2:{i:0;s:8:"vgolubev";i:1;s:10:"trubitsina";}', 0),
(389, 37, 'svirid', 2, 40, 0, 0, 8, 'ron', 'levin', '', '12', 0, 'a:0:{}', 0),
(390, 38, 'gracheva', 3, 40, 0, 1, 1, 'ron', 'sanzharov', '', '33,12', 0, 'a:2:{i:0;s:8:"gracheva";i:1;s:9:"sanzharov";}', 0),
(391, 38, 'gracheva', 4, 40, 0, 1, 1, 'ron', 'goman', '', '23', 3, 'a:1:{i:0;s:9:"sanzharov";}', 0),
(392, 38, 'novik', 3, 30, 0, 0, 1, 'ron', 'gracheva', '', '27,13', 0, 'a:0:{}', 0),
(393, 38, 'novik', 4, 30, 0, 0, 2, 'ron', 'goman', '', '13', 3, 'a:0:{}', 0),
(394, 38, 'novik', 2, 30, 0, 0, 3, 'ron', 'sanzharov', '', '13', 1, 'a:0:{}', 0),
(395, 38, 'sanzharov', 3, 30, 0, 0, 4, 'ron', 'novik', '', '1,23', 0, 'a:1:{i:0;s:8:"gracheva";}', 0),
(396, 38, 'gracheva', 1, 40, 0, 1, 5, 'ron', 'sanzharov', '', '13', 0, 'a:0:{}', 0),
(397, 38, 'novik', 2, 30, 0, 0, 5, 'ron', 'goman', '', '27', 0, 'a:1:{i:0;s:5:"goman";}', 0),
(398, 38, 'novik', 1, 30, 0, 0, 6, 'ron', 'goman', '', '13', 0, 'a:0:{}', 0),
(399, 38, 'gracheva', 1, 30, 0, 0, 7, 'ron', 'sanzharov', '', '23', 0, 'a:0:{}', 2),
(400, 38, 'novik', 4, 30, 0, 0, 7, 'ron', 'sanzharov', '', '13', 3, 'a:0:{}', 2),
(401, 38, 'novik', 3, 30, 0, 1, 8, 'ron', 'sanzharov', '', '13', 2, 'a:0:{}', 0),
(402, 39, 'mazin', 1, 30, 0, 0, 1, 'ron', 'karasyuk', '', '23', 0, 'a:0:{}', 0),
(403, 39, 'levina', 1, 30, 0, 1, 2, 'ron', 'mazin', '', '13', 0, 'a:0:{}', 0),
(404, 39, 'karasyuk', 1, 30, 0, 0, 2, 'ron', 'kozlovskaya', '', '13', 0, 'a:0:{}', 0),
(405, 39, 'kozlovskaya', 1, 30, 0, 0, 3, 'ron', 'levina', '', '13', 0, 'a:0:{}', 0),
(406, 39, 'karasyuk', 2, 30, 0, 1, 4, 'tsumo', '', '', '33,36', 0, 'a:2:{i:0;s:8:"karasyuk";i:1;s:5:"mazin";}', 0),
(407, 39, 'mazin', 1, 30, 0, 0, 4, 'ron', 'karasyuk', '', '12', 0, 'a:0:{}', 0),
(408, 39, 'kozlovskaya', 2, 50, 0, 1, 5, 'ron', 'levina', '', '33,35', 0, 'a:1:{i:0;s:11:"kozlovskaya";}', 0),
(409, 39, 'kozlovskaya', 2, 30, 0, 1, 5, 'ron', 'levina', '', '14', 0, 'a:1:{i:0;s:6:"levina";}', 0),
(410, 39, 'levina', 1, 30, 0, 0, 5, 'ron', 'mazin', '', '13', 0, 'a:0:{}', 0),
(411, 39, 'mazin', 1, 30, 0, 0, 6, 'ron', 'karasyuk', '', '13', 0, 'a:0:{}', 0),
(412, 39, 'levina', 1, 30, 0, 0, 7, 'tsumo', '', '', '23', 0, 'a:1:{i:0;s:8:"karasyuk";}', 0),
(413, 40, 'goncharenko', 1, 30, 0, 0, 1, 'ron', 'stolbova', '', '13', 0, 'a:0:{}', 0),
(414, 40, 'chernih', 3, 30, 0, 0, 2, 'ron', 'stolbova', '', '23', 2, 'a:0:{}', 0),
(415, 40, 'maslatsova', 2, 30, 0, 0, 3, 'ron', 'chernih', '', '23', 1, 'a:0:{}', 0),
(416, 40, 'maslatsova', 5, 0, 0, 0, 4, 'tsumo', '', '', '33,8,36', 2, 'a:1:{i:0;s:10:"maslatsova";}', 0),
(417, 40, '', 0, 0, 0, 0, 5, 'draw', '', 'a:4:{s:8:"stolbova";s:6:"tempai";s:10:"maslatsova";s:5:"noten";s:7:"chernih";s:6:"tempai";s:11:"goncharenko";s:5:"noten";}', '', 0, 'a:1:{i:0;s:7:"chernih";}', 0),
(418, 40, 'chernih', 3, 30, 0, 0, 5, 'ron', 'stolbova', '', '13', 2, 'a:1:{i:0;s:8:"stolbova";}', 0),
(419, 40, 'goncharenko', 1, 30, 0, 0, 6, 'ron', 'maslatsova', '', '13', 0, 'a:1:{i:0;s:8:"stolbova";}', 0),
(420, 40, 'goncharenko', 0, 0, 1, 0, 7, 'tsumo', '', '', '7', 0, 'a:1:{i:0;s:11:"goncharenko";}', 0),
(421, 40, 'maslatsova', 1, 30, 0, 0, 8, 'ron', 'chernih', '', '23', 0, 'a:0:{}', 0),
(422, 41, 'vodilov', 6, 0, 0, 0, 1, 'ron', 'gubanova', '', '1,27', 2, 'a:0:{}', 0),
(423, 41, 'kim', 1, 30, 0, 0, 2, 'ron', 'vodilov', '', '13', 0, 'a:1:{i:0;s:8:"gubanova";}', 0),
(424, 41, 'vodilov', 4, 30, 0, 0, 3, 'ron', 'gubanova', '', '13', 3, 'a:0:{}', 0),
(425, 41, 'gubanova', 2, 30, 0, 0, 4, 'ron', 'falko', '', '13', 1, 'a:0:{}', 0),
(426, 41, 'kim', 2, 30, 0, 1, 5, 'ron', 'falko', '', '13', 1, 'a:0:{}', 0),
(427, 41, 'kim', 2, 30, 0, 1, 5, 'tsumo', '', '', '33,36', 0, 'a:1:{i:0;s:3:"kim";}', 0),
(428, 41, 'falko', 6, 0, 0, 0, 5, 'ron', 'vodilov', '', '28,12', 0, 'a:0:{}', 2),
(429, 41, 'kim', 4, 30, 0, 1, 5, 'ron', 'vodilov', '', '33,8', 2, 'a:1:{i:0;s:3:"kim";}', 2),
(430, 41, 'kim', 4, 40, 0, 1, 5, 'ron', 'gubanova', '', '13', 3, 'a:0:{}', 0),
(431, 41, 'gubanova', 5, 0, 0, 0, 5, 'tsumo', '', '', '33,36,8,12', 1, 'a:2:{i:0;s:8:"gubanova";i:1;s:5:"falko";}', 0),
(432, 41, 'falko', 4, 50, 0, 0, 6, 'tsumo', '', '', '1,27', 0, 'a:0:{}', 0),
(433, 41, 'gubanova', 2, 30, 0, 0, 7, 'ron', 'vodilov', '', '13', 1, 'a:0:{}', 0),
(434, 41, 'vodilov', 1, 30, 0, 1, 8, 'ron', 'kim', '', '23', 0, 'a:1:{i:0;s:3:"kim";}', 0),
(435, 41, 'vodilov', 1, 30, 0, 1, 8, 'ron', 'falko', '', '23', 0, 'a:0:{}', 0),
(436, 41, 'gubanova', 3, 30, 0, 0, 8, 'tsumo', '', '', '33,36', 1, 'a:2:{i:0;s:8:"gubanova";i:1;s:5:"falko";}', 0),
(437, 42, 'sokolov', 3, 30, 0, 1, 1, 'ron', 'fedorkevich', '', '33,8', 1, 'a:1:{i:0;s:7:"sokolov";}', 0),
(438, 42, 'knyazhev', 1, 30, 0, 0, 1, 'ron', 'fedorkevich', '', '23', 0, 'a:0:{}', 0),
(439, 42, 'titova', 2, 40, 0, 1, 2, 'ron', 'knyazhev', '', '23', 1, 'a:0:{}', 0),
(440, 42, 'titova', 5, 0, 0, 1, 2, 'tsumo', '', '', '33,36,8', 2, 'a:1:{i:0;s:6:"titova";}', 0),
(441, 42, 'titova', 7, 0, 0, 1, 2, 'ron', 'sokolov', '', '14,1', 3, 'a:0:{}', 0),
(442, 42, 'sokolov', 7, 0, 0, 0, 2, 'tsumo', '', '', '33,36,8,9', 3, 'a:1:{i:0;s:7:"sokolov";}', 0),
(443, 42, 'titova', 1, 30, 0, 0, 3, 'tsumo', '', '', '13', 0, 'a:0:{}', 0),
(444, 42, 'sokolov', 3, 30, 0, 0, 4, 'ron', 'fedorkevich', '', '27,13', 0, 'a:0:{}', 0),
(445, 42, '', 0, 0, 0, 0, 5, 'draw', '', 'a:4:{s:7:"sokolov";s:5:"noten";s:6:"titova";s:5:"noten";s:11:"fedorkevich";s:5:"noten";s:8:"knyazhev";s:6:"tempai";}', '', 0, 'a:0:{}', 0),
(446, 42, 'sokolov', 1, 30, 0, 0, 6, 'ron', 'knyazhev', '', '13', 0, 'a:0:{}', 0),
(447, 42, 'knyazhev', 5, 0, 0, 0, 7, 'tsumo', '', '', '33,36', 3, 'a:1:{i:0;s:8:"knyazhev";}', 0),
(448, 43, 'sanatullov', 4, 40, 0, 1, 1, 'tsumo', '', '', '33,36,9,38', 0, 'a:2:{i:0;s:10:"sanatullov";i:1;s:8:"kuzkokov";}', 0),
(449, 43, 'sanatullov', 1, 30, 0, 1, 1, 'ron', 'poroshin', '', '23', 0, 'a:0:{}', 0),
(450, 43, 'poroshin', 3, 30, 0, 0, 1, 'ron', 'zarezin', '', '13', 2, 'a:1:{i:0;s:7:"zarezin";}', 0),
(451, 43, 'poroshin', 2, 20, 0, 0, 2, 'tsumo', '', '', '36,8', 0, 'a:1:{i:0;s:7:"zarezin";}', 0),
(452, 43, 'kuzkokov', 3, 30, 0, 0, 3, 'ron', 'sanatullov', '', '33,8,23', 0, 'a:2:{i:0;s:8:"kuzkokov";i:1;s:10:"sanatullov";}', 2),
(453, 43, 'poroshin', 2, 30, 0, 1, 3, 'ron', 'sanatullov', '', '33,8', 0, 'a:1:{i:0;s:8:"poroshin";}', 2),
(454, 43, 'sanatullov', 1, 40, 0, 0, 3, 'ron', 'kuzkokov', '', '33', 0, 'a:1:{i:0;s:10:"sanatullov";}', 0),
(455, 43, 'sanatullov', 2, 40, 0, 0, 4, 'ron', 'poroshin', '', '33', 1, 'a:1:{i:0;s:10:"sanatullov";}', 0),
(456, 43, 'zarezin', 1, 40, 0, 0, 5, 'ron', 'sanatullov', '', '33', 0, 'a:1:{i:0;s:7:"zarezin";}', 0),
(457, 43, 'sanatullov', 1, 30, 0, 0, 6, 'ron', 'kuzkokov', '', '23', 0, 'a:0:{}', 0),
(458, 43, '', 0, 0, 0, 0, 7, 'draw', '', 'a:4:{s:10:"sanatullov";s:5:"noten";s:8:"kuzkokov";s:6:"tempai";s:8:"poroshin";s:6:"tempai";s:7:"zarezin";s:6:"tempai";}', '', 0, 'a:0:{}', 0),
(459, 43, 'kuzkokov', 4, 40, 0, 0, 7, 'ron', 'poroshin', '', '1,14', 0, 'a:0:{}', 0),
(460, 43, 'kuzkokov', 2, 30, 0, 0, 8, 'ron', 'zarezin', '', '13', 1, 'a:0:{}', 0),
(461, 44, 'timofeev', 2, 30, 0, 0, 1, 'ron', 'svirid', '', '13', 1, 'a:0:{}', 0),
(462, 44, 'kozlovskaya', 2, 40, 0, 0, 2, 'ron', 'timofeev', '', '33', 1, 'a:1:{i:0;s:11:"kozlovskaya";}', 0),
(463, 44, 'meshin', 6, 0, 0, 0, 3, 'tsumo', '', '', '27,18,14', 0, 'a:0:{}', 0),
(464, 44, 'timofeev', 2, 40, 0, 0, 4, 'tsumo', '', '', '23', 1, 'a:0:{}', 0),
(465, 44, 'svirid', 2, 40, 0, 1, 5, 'tsumo', '', '', '33,36', 0, 'a:1:{i:0;s:6:"svirid";}', 0),
(466, 44, 'svirid', 6, 0, 0, 1, 5, 'ron', 'timofeev', '', '28,41', 0, 'a:0:{}', 0),
(467, 44, 'svirid', 1, 30, 0, 1, 5, 'tsumo', '', '', '36', 0, 'a:0:{}', 0),
(468, 44, '', 0, 0, 0, 0, 5, 'draw', '', 'a:4:{s:6:"svirid";s:6:"tempai";s:8:"timofeev";s:6:"tempai";s:11:"kozlovskaya";s:6:"tempai";s:6:"meshin";s:6:"tempai";}', '', 0, 'a:0:{}', 0),
(469, 44, 'meshin', 4, 20, 0, 0, 5, 'tsumo', '', '', '33,8,36', 0, 'a:2:{i:0;s:6:"svirid";i:1;s:6:"meshin";}', 0),
(470, 45, 'gracheva', 2, 40, 0, 0, 1, 'ron', 'chernih', '', '33', 1, 'a:1:{i:0;s:8:"gracheva";}', 0),
(471, 45, '', 0, 0, 0, 0, 2, 'draw', '', 'a:4:{s:10:"maslatsova";s:6:"tempai";s:8:"gracheva";s:5:"noten";s:7:"chernih";s:6:"tempai";s:5:"levin";s:6:"tempai";}', '', 0, 'a:0:{}', 0),
(472, 45, 'chernih', 5, 0, 0, 1, 3, 'ron', 'maslatsova', '', '33,23,8,9', 1, 'a:1:{i:0;s:7:"chernih";}', 0),
(473, 45, '', 0, 0, 0, 0, 3, 'draw', '', 'a:4:{s:10:"maslatsova";s:6:"tempai";s:8:"gracheva";s:5:"noten";s:7:"chernih";s:6:"tempai";s:5:"levin";s:6:"tempai";}', '', 0, 'a:0:{}', 0),
(474, 45, '', 0, 0, 0, 0, 3, 'draw', '', 'a:4:{s:10:"maslatsova";s:5:"noten";s:8:"gracheva";s:5:"noten";s:7:"chernih";s:5:"noten";s:5:"levin";s:5:"noten";}', '', 0, 'a:0:{}', 0),
(475, 45, 'maslatsova', 4, 20, 0, 0, 4, 'tsumo', '', '', '33,36,8', 1, 'a:1:{i:0;s:10:"maslatsova";}', 0),
(476, 45, 'chernih', 4, 30, 0, 0, 5, 'ron', 'gracheva', '', '13', 3, 'a:1:{i:0;s:8:"gracheva";}', 0),
(477, 45, 'gracheva', 3, 30, 0, 1, 6, 'tsumo', '', '', '33,36', 1, 'a:2:{i:0;s:8:"gracheva";i:1;s:7:"chernih";}', 0),
(478, 46, 'karpov', 4, 30, 0, 0, 1, 'ron', 'karasyuk', '', '33,8', 2, 'a:3:{i:0;s:8:"stolbova";i:1;s:6:"karpov";i:2;s:8:"karasyuk";}', 0);
INSERT INTO `round` (`id`, `game_id`, `username`, `han`, `fu`, `yakuman`, `dealer`, `round`, `result`, `loser`, `tempai_list`, `yaku`, `dora`, `riichi`, `multiRon`) VALUES
(479, 46, 'karasyuk', 1, 30, 0, 0, 2, 'tsumo', '', '', '13', 0, 'a:0:{}', 0),
(480, 46, 'karasyuk', 4, 30, 0, 0, 3, 'ron', 'stolbova', '', '33,8', 2, 'a:2:{i:0;s:8:"stolbova";i:1;s:8:"karasyuk";}', 0),
(481, 46, '', 0, 0, 0, 0, 4, 'draw', '', 'a:4:{s:8:"stolbova";s:5:"noten";s:9:"sanzharov";s:6:"tempai";s:6:"karpov";s:5:"noten";s:8:"karasyuk";s:6:"tempai";}', '', 0, 'a:0:{}', 0),
(482, 46, 'sanzharov', 3, 40, 0, 0, 4, 'ron', 'karasyuk', '', '33,35', 1, 'a:1:{i:0;s:9:"sanzharov";}', 0),
(483, 46, 'karpov', 2, 40, 0, 0, 5, 'ron', 'stolbova', '', '13', 1, 'a:0:{}', 0),
(484, 46, 'karasyuk', 3, 30, 0, 0, 6, 'ron', 'stolbova', '', '23,11', 1, 'a:0:{}', 0),
(485, 46, 'stolbova', 2, 50, 0, 0, 7, 'ron', 'sanzharov', '', '33', 1, 'a:2:{i:0;s:8:"stolbova";i:1;s:8:"karasyuk";}', 0),
(486, 46, 'karpov', 1, 30, 0, 0, 8, 'ron', 'stolbova', '', '13', 0, 'a:0:{}', 0),
(487, 47, 'trubitsina', 6, 0, 0, 0, 1, 'tsumo', '', '', '33,35,23,11,36', 0, 'a:1:{i:0;s:10:"trubitsina";}', 0),
(488, 47, 'levina', 3, 25, 0, 0, 2, 'tsumo', '', '', '33,31', 0, 'a:1:{i:0;s:6:"levina";}', 0),
(489, 47, 'trubitsina', 4, 40, 0, 0, 3, 'tsumo', '', '', '13', 3, 'a:0:{}', 0),
(490, 47, 'levina', 4, 30, 0, 0, 4, 'tsumo', '', '', '33,36,12', 0, 'a:1:{i:0;s:6:"levina";}', 0),
(491, 47, '', 0, 0, 0, 0, 5, 'draw', '', 'a:4:{s:6:"levina";s:5:"noten";s:10:"trubitsina";s:6:"tempai";s:5:"goman";s:5:"noten";s:11:"goncharenko";s:5:"noten";}', '', 0, 'a:1:{i:0;s:10:"trubitsina";}', 0),
(492, 47, 'goncharenko', 5, 0, 0, 0, 6, 'ron', 'levina', '', '23', 4, 'a:0:{}', 0),
(493, 47, 'trubitsina', 3, 30, 0, 0, 7, 'ron', 'levina', '', '14', 1, 'a:1:{i:0;s:6:"levina";}', 0),
(494, 47, 'goman', 7, 0, 0, 0, 8, 'tsumo', '', '', '33,36,13,27', 1, 'a:1:{i:0;s:5:"goman";}', 0),
(495, 48, 'novik', 1, 40, 0, 0, 1, 'ron', 'vgolubev', '', '33', 0, 'a:1:{i:0;s:5:"novik";}', 0),
(496, 48, 'matveeva', 1, 30, 0, 1, 2, 'ron', 'mazin', '', '23', 0, 'a:0:{}', 0),
(497, 48, 'novik', 1, 30, 0, 0, 2, 'ron', 'mazin', '', '13', 0, 'a:0:{}', 0),
(498, 48, 'novik', 1, 30, 0, 0, 3, 'tsumo', '', '', '13', 0, 'a:0:{}', 0),
(499, 48, 'vgolubev', 1, 30, 0, 0, 4, 'ron', 'novik', '', '13', 0, 'a:0:{}', 0),
(500, 48, 'mazin', 3, 30, 0, 0, 5, 'tsumo', '', '', '13', 2, 'a:1:{i:0;s:8:"vgolubev";}', 0),
(501, 48, 'vgolubev', 4, 30, 0, 0, 6, 'tsumo', '', '', '23', 3, 'a:0:{}', 0),
(502, 48, 'matveeva', 3, 40, 0, 0, 7, 'tsumo', '', '', '13,27', 0, 'a:0:{}', 0),
(503, 48, 'vgolubev', 4, 40, 0, 0, 8, 'ron', 'mazin', '', '14,1', 0, 'a:0:{}', 0),
(504, 49, 'meshin', 1, 40, 0, 0, 1, 'ron', 'falko', '', '23', 0, 'a:0:{}', 0),
(505, 49, 'sokolov', 4, 40, 0, 0, 2, 'tsumo', '', '', '1,3', 0, 'a:0:{}', 0),
(506, 49, 'meshin', 5, 0, 0, 1, 3, 'ron', 'falko', '', '28', 0, 'a:0:{}', 0),
(507, 49, 'meshin', 6, 0, 0, 1, 3, 'ron', 'sokolov', '', '27,13', 3, 'a:1:{i:0;s:7:"sokolov";}', 0),
(508, 49, 'falko', 2, 50, 0, 0, 3, 'ron', 'meshin', '', '33,13', 0, 'a:1:{i:0;s:5:"falko";}', 0),
(509, 49, 'trubitsina', 4, 40, 0, 0, 4, 'tsumo', '', '', '1,14', 0, 'a:0:{}', 0),
(510, 49, 'trubitsina', 3, 30, 0, 0, 5, 'ron', 'sokolov', '', '13,27', 0, 'a:0:{}', 0),
(511, 49, 'meshin', 5, 0, 0, 0, 6, 'tsumo', '', '', '33,8,23,9,36', 0, 'a:2:{i:0;s:6:"meshin";i:1;s:7:"sokolov";}', 0),
(512, 49, 'meshin', 2, 40, 0, 1, 7, 'ron', 'sokolov', '', '33,13', 0, 'a:1:{i:0;s:6:"meshin";}', 0),
(513, 49, 'meshin', 1, 40, 0, 1, 7, 'ron', 'trubitsina', '', '33', 0, 'a:1:{i:0;s:6:"meshin";}', 0),
(514, 49, 'sokolov', 5, 0, 0, 0, 7, 'tsumo', '', '', '33,23,8,36', 1, 'a:2:{i:0;s:7:"sokolov";i:1;s:6:"meshin";}', 0),
(515, 49, 'sokolov', 2, 30, 0, 0, 8, 'ron', 'trubitsina', '', '33,8', 0, 'a:2:{i:0;s:7:"sokolov";i:1;s:5:"falko";}', 0),
(516, 50, 'fedorkevich', 4, 40, 0, 0, 1, 'ron', 'kozlovskaya', '', '33', 3, 'a:1:{i:0;s:11:"fedorkevich";}', 0),
(517, 50, '', 0, 0, 0, 0, 2, 'draw', '', 'a:4:{s:6:"karpov";s:5:"noten";s:10:"sanatullov";s:6:"tempai";s:11:"kozlovskaya";s:5:"noten";s:11:"fedorkevich";s:6:"tempai";}', '', 0, 'a:1:{i:0;s:10:"sanatullov";}', 0),
(518, 50, 'kozlovskaya', 4, 30, 0, 0, 2, 'ron', 'karpov', '', '13', 3, 'a:0:{}', 0),
(519, 50, 'karpov', 2, 30, 0, 0, 3, 'ron', 'fedorkevich', '', '23', 1, 'a:0:{}', 0),
(520, 50, 'kozlovskaya', 4, 40, 0, 0, 4, 'ron', 'fedorkevich', '', '14,1', 0, 'a:1:{i:0;s:10:"sanatullov";}', 0),
(521, 50, 'karpov', 3, 60, 0, 1, 5, 'ron', 'sanatullov', '', '13,27', 0, 'a:1:{i:0;s:10:"sanatullov";}', 0),
(522, 50, 'fedorkevich', 4, 40, 0, 0, 5, 'ron', 'sanatullov', '', '33,23', 2, 'a:1:{i:0;s:11:"fedorkevich";}', 0),
(523, 50, 'kozlovskaya', 3, 30, 0, 0, 6, 'tsumo', '', '', '33,36', 1, 'a:1:{i:0;s:11:"kozlovskaya";}', 0),
(524, 50, '', 0, 0, 0, 0, 7, 'draw', '', 'a:4:{s:6:"karpov";s:5:"noten";s:10:"sanatullov";s:6:"tempai";s:11:"kozlovskaya";s:5:"noten";s:11:"fedorkevich";s:6:"tempai";}', '', 0, 'a:1:{i:0;s:10:"sanatullov";}', 0),
(525, 50, 'kozlovskaya', 4, 40, 0, 0, 8, 'ron', 'sanatullov', '', '33', 3, 'a:1:{i:0;s:11:"kozlovskaya";}', 0),
(526, 51, '', 0, 0, 0, 0, 1, 'draw', '', 'a:4:{s:7:"vodilov";s:6:"tempai";s:8:"kuzkokov";s:6:"tempai";s:8:"poroshin";s:5:"noten";s:8:"knyazhev";s:5:"noten";}', '', 0, 'a:0:{}', 0),
(527, 51, 'knyazhev', 2, 50, 0, 0, 1, 'ron', 'kuzkokov', '', '33', 1, 'a:1:{i:0;s:8:"knyazhev";}', 0),
(528, 51, '', 0, 0, 0, 0, 2, 'draw', '', 'a:4:{s:7:"vodilov";s:5:"noten";s:8:"kuzkokov";s:5:"noten";s:8:"poroshin";s:6:"tempai";s:8:"knyazhev";s:5:"noten";}', '', 0, 'a:0:{}', 0),
(529, 51, 'kuzkokov', 1, 40, 0, 0, 3, 'ron', 'vodilov', '', '33', 0, 'a:1:{i:0;s:8:"kuzkokov";}', 0),
(530, 51, '', 0, 0, 0, 0, 4, 'draw', '', 'a:4:{s:7:"vodilov";s:5:"noten";s:8:"kuzkokov";s:6:"tempai";s:8:"poroshin";s:5:"noten";s:8:"knyazhev";s:5:"noten";}', '', 0, 'a:0:{}', 0),
(531, 51, 'kuzkokov', 5, 0, 0, 0, 5, 'tsumo', '', '', '36,13', 3, 'a:0:{}', 0),
(532, 51, '', 0, 0, 0, 0, 6, 'draw', '', 'a:4:{s:7:"vodilov";s:5:"noten";s:8:"kuzkokov";s:6:"tempai";s:8:"poroshin";s:5:"noten";s:8:"knyazhev";s:6:"tempai";}', '', 0, 'a:0:{}', 0),
(533, 51, '', 0, 0, 0, 0, 6, 'draw', '', 'a:4:{s:7:"vodilov";s:5:"noten";s:8:"kuzkokov";s:5:"noten";s:8:"poroshin";s:5:"noten";s:8:"knyazhev";s:6:"tempai";}', '', 0, 'a:0:{}', 0),
(534, 51, 'poroshin', 1, 50, 0, 1, 7, 'ron', 'vodilov', '', '13', 0, 'a:0:{}', 0),
(535, 51, 'knyazhev', 2, 30, 0, 0, 7, 'ron', 'vodilov', '', '27', 0, 'a:0:{}', 0),
(536, 51, 'knyazhev', 1, 30, 0, 1, 8, 'tsumo', '', '', '11', 0, 'a:0:{}', 0),
(537, 51, '', 0, 0, 0, 0, 8, 'draw', '', 'a:4:{s:7:"vodilov";s:6:"tempai";s:8:"kuzkokov";s:6:"tempai";s:8:"poroshin";s:6:"tempai";s:8:"knyazhev";s:6:"tempai";}', '', 0, 'a:1:{i:0;s:8:"poroshin";}', 0),
(538, 52, 'kim', 3, 40, 0, 1, 1, 'ron', 'titova', '', '33', 2, 'a:1:{i:0;s:3:"kim";}', 0),
(539, 52, 'timofeev', 1, 30, 0, 0, 1, 'ron', 'titova', '', '42', 0, 'a:0:{}', 0),
(540, 52, 'timofeev', 3, 30, 0, 0, 2, 'ron', 'kim', '', '13,27', 0, 'a:0:{}', 0),
(541, 52, 'kim', 1, 40, 0, 0, 3, 'ron', 'svirid', '', '13', 0, 'a:1:{i:0;s:6:"svirid";}', 0),
(542, 52, 'timofeev', 2, 30, 0, 0, 4, 'tsumo', '', '', '33,36', 0, 'a:1:{i:0;s:8:"timofeev";}', 0),
(543, 52, '', 0, 0, 0, 0, 5, 'draw', '', 'a:4:{s:3:"kim";s:6:"tempai";s:6:"svirid";s:6:"tempai";s:8:"timofeev";s:6:"tempai";s:6:"titova";s:5:"noten";}', '', 0, 'a:0:{}', 0),
(544, 52, '', 0, 0, 0, 0, 5, 'draw', '', 'a:4:{s:3:"kim";s:5:"noten";s:6:"svirid";s:6:"tempai";s:8:"timofeev";s:6:"tempai";s:6:"titova";s:6:"tempai";}', '', 0, 'a:1:{i:0;s:6:"titova";}', 0),
(545, 52, 'timofeev', 2, 30, 0, 0, 6, 'ron', 'kim', '', '11,23', 0, 'a:0:{}', 0),
(546, 52, 'kim', 1, 30, 0, 0, 7, 'ron', 'timofeev', '', '23', 0, 'a:0:{}', 0),
(547, 52, 'svirid', 4, 30, 0, 0, 8, 'tsumo', '', '', '33,35,36,23', 0, 'a:1:{i:0;s:6:"svirid";}', 0),
(548, 53, 'vgolubev', 2, 40, 0, 0, 1, 'tsumo', '', '', '27', 0, 'a:1:{i:0;s:5:"levin";}', 0),
(549, 53, 'levin', 1, 30, 0, 0, 2, 'ron', 'levina', '', '13', 0, 'a:0:{}', 0),
(550, 53, 'vgolubev', 2, 30, 0, 1, 3, 'ron', 'levina', '', '27', 0, 'a:0:{}', 0),
(551, 53, 'levin', 3, 30, 0, 0, 3, 'tsumo', '', '', '23', 2, 'a:0:{}', 0),
(552, 53, 'vgolubev', 2, 40, 0, 0, 4, 'ron', 'levin', '', '13,24', 2, 'a:0:{}', 0),
(553, 53, 'levina', 3, 30, 0, 1, 5, 'ron', 'gracheva', '', '11,24', 0, 'a:0:{}', 0),
(554, 53, '', 0, 0, 0, 0, 5, 'draw', '', 'a:4:{s:6:"levina";s:5:"noten";s:8:"gracheva";s:6:"tempai";s:8:"vgolubev";s:5:"noten";s:5:"levin";s:5:"noten";}', '', 0, 'a:0:{}', 0),
(555, 53, 'levin', 3, 30, 0, 0, 6, 'ron', 'gracheva', '', '13', 2, 'a:0:{}', 0),
(556, 54, 'mazin', 5, 0, 0, 0, 1, 'ron', 'sanzharov', '', '28', 0, 'a:0:{}', 0),
(557, 54, 'sanzharov', 3, 40, 0, 0, 2, 'tsumo', '', '', '27,13', 0, 'a:0:{}', 0),
(558, 54, 'stolbova', 5, 0, 0, 1, 3, 'ron', 'mazin', '', '33,31', 2, 'a:1:{i:0;s:8:"stolbova";}', 0),
(559, 54, 'stolbova', 6, 0, 0, 1, 3, 'ron', 'mazin', '', '33,27', 2, 'a:1:{i:0;s:8:"stolbova";}', 0),
(560, 54, 'sanzharov', 5, 0, 0, 0, 3, 'tsumo', '', '', '14', 3, 'a:0:{}', 0),
(561, 54, 'stolbova', 2, 40, 0, 0, 4, 'ron', 'zarezin', '', '33', 1, 'a:1:{i:0;s:8:"stolbova";}', 0),
(562, 54, 'sanzharov', 2, 30, 0, 1, 5, 'ron', 'stolbova', '', '13', 1, 'a:0:{}', 0),
(563, 54, 'stolbova', 2, 30, 0, 0, 5, 'ron', 'zarezin', '', '13', 1, 'a:0:{}', 0),
(564, 54, 'mazin', 2, 30, 0, 1, 6, 'tsumo', '', '', '13', 1, 'a:0:{}', 0),
(565, 54, '', 0, 0, 0, 0, 6, 'draw', '', 'a:4:{s:9:"sanzharov";s:5:"noten";s:5:"mazin";s:5:"noten";s:8:"stolbova";s:5:"noten";s:7:"zarezin";s:6:"tempai";}', '', 0, 'a:1:{i:0;s:7:"zarezin";}', 0),
(566, 54, 'zarezin', 2, 30, 0, 0, 7, 'tsumo', '', '', '23', 1, 'a:0:{}', 0),
(567, 54, 'sanzharov', 4, 30, 0, 0, 8, 'ron', 'mazin', '', '14,1', 0, 'a:0:{}', 0),
(568, 55, '', 0, 0, 0, 0, 1, 'draw', '', 'a:4:{s:11:"goncharenko";s:5:"noten";s:8:"matveeva";s:6:"tempai";s:8:"karasyuk";s:5:"noten";s:7:"chernih";s:5:"noten";}', '', 0, 'a:1:{i:0;s:8:"matveeva";}', 0),
(569, 55, 'matveeva', 4, 30, 0, 1, 2, 'tsumo', '', '', '33,35,36', 1, 'a:1:{i:0;s:8:"matveeva";}', 0),
(570, 55, 'karasyuk', 3, 30, 0, 0, 2, 'ron', 'chernih', '', '33,23,8', 0, 'a:2:{i:0;s:8:"karasyuk";i:1;s:7:"chernih";}', 0),
(571, 55, 'matveeva', 2, 30, 0, 0, 3, 'tsumo', '', '', '33,36', 0, 'a:2:{i:0;s:8:"matveeva";i:1;s:7:"chernih";}', 0),
(572, 55, 'goncharenko', 3, 30, 0, 0, 4, 'tsumo', '', '', '23', 2, 'a:0:{}', 0),
(573, 55, 'goncharenko', 4, 20, 0, 1, 5, 'tsumo', '', '', '36,23,8', 1, 'a:0:{}', 0),
(574, 55, 'matveeva', 11, 0, 0, 0, 5, 'tsumo', '', '', '1,14', 7, 'a:0:{}', 0),
(575, 55, 'matveeva', 1, 40, 0, 1, 6, 'ron', 'chernih', '', '33', 0, 'a:1:{i:0;s:8:"matveeva";}', 0),
(576, 55, 'goncharenko', 5, 0, 0, 0, 6, 'tsumo', '', '', '33,35,36,23,8', 0, 'a:1:{i:0;s:11:"goncharenko";}', 0),
(577, 56, '', 0, 0, 0, 0, 1, 'draw', '', 'a:4:{s:10:"maslatsova";s:5:"noten";s:5:"goman";s:6:"tempai";s:8:"gubanova";s:5:"noten";s:5:"novik";s:5:"noten";}', '', 0, 'a:1:{i:0;s:5:"goman";}', 0),
(578, 56, '', 0, 0, 0, 0, 2, 'draw', '', 'a:4:{s:10:"maslatsova";s:5:"noten";s:5:"goman";s:6:"tempai";s:8:"gubanova";s:6:"tempai";s:5:"novik";s:5:"noten";}', '', 0, 'a:1:{i:0;s:8:"gubanova";}', 0),
(579, 56, 'gubanova', 1, 30, 0, 0, 2, 'ron', 'goman', '', '13', 0, 'a:0:{}', 0),
(580, 56, 'goman', 4, 40, 0, 0, 3, 'ron', 'novik', '', '33,23,41', 1, 'a:1:{i:0;s:5:"goman";}', 0),
(581, 56, 'gubanova', 3, 30, 0, 0, 4, 'ron', 'goman', '', '33,8', 1, 'a:1:{i:0;s:8:"gubanova";}', 0),
(582, 56, 'maslatsova', 1, 40, 0, 1, 5, 'ron', 'goman', '', '33', 0, 'a:1:{i:0;s:10:"maslatsova";}', 0),
(583, 56, 'gubanova', 2, 30, 0, 0, 5, 'ron', 'goman', '', '23', 1, 'a:0:{}', 0),
(584, 56, 'novik', 3, 30, 0, 0, 6, 'tsumo', '', '', '13', 2, 'a:0:{}', 0),
(585, 56, 'goman', 4, 40, 0, 0, 7, 'tsumo', '', '', '14,27', 0, 'a:1:{i:0;s:8:"gubanova";}', 0),
(586, 56, 'novik', 4, 30, 0, 1, 8, 'ron', 'maslatsova', '', '25,11', 1, 'a:0:{}', 0),
(587, 57, 'matveeva', 2, 30, 0, 0, 1, 'tsumo', '', '', '13', 1, 'a:0:{}', 0),
(588, 57, 'kuzkokov', 7, 0, 0, 1, 2, 'tsumo', '', '', '33,9,36,27,8', 0, 'a:1:{i:0;s:8:"kuzkokov";}', 0),
(589, 57, 'titova', 2, 30, 0, 0, 2, 'ron', 'matveeva', '', '11,13', 0, 'a:0:{}', 0),
(590, 57, 'matveeva', 2, 30, 0, 0, 3, 'tsumo', '', '', '33,36', 0, 'a:1:{i:0;s:8:"matveeva";}', 0),
(591, 57, 'matveeva', 4, 40, 0, 1, 4, 'ron', 'titova', '', '15', 1, 'a:1:{i:0;s:10:"trubitsina";}', 0),
(592, 57, 'matveeva', 4, 20, 0, 1, 4, 'tsumo', '', '', '33,36,8', 1, 'a:1:{i:0;s:8:"matveeva";}', 0),
(593, 57, 'trubitsina', 3, 50, 0, 0, 4, 'ron', 'titova', '', '33,13', 1, 'a:1:{i:0;s:10:"trubitsina";}', 0),
(594, 57, 'titova', 2, 30, 0, 1, 5, 'ron', 'trubitsina', '', '27', 0, 'a:1:{i:0;s:10:"trubitsina";}', 0),
(595, 57, 'kuzkokov', 1, 40, 0, 0, 5, 'ron', 'matveeva', '', '9', 0, 'a:0:{}', 2),
(596, 57, 'trubitsina', 1, 30, 0, 0, 5, 'ron', 'matveeva', '', '13', 0, 'a:0:{}', 2),
(597, 57, 'titova', 5, 0, 0, 0, 6, 'ron', 'kuzkokov', '', '1,2,13', 0, 'a:0:{}', 0),
(598, 57, 'trubitsina', 3, 40, 0, 1, 7, 'ron', 'kuzkokov', '', '33,9', 1, 'a:1:{i:0;s:10:"trubitsina";}', 2),
(599, 57, 'titova', 5, 0, 0, 0, 7, 'ron', 'kuzkokov', '', '33,12,8', 1, 'a:1:{i:0;s:6:"titova";}', 2),
(600, 58, 'vodilov', 4, 30, 0, 0, 1, 'ron', 'timofeev', '', '27,14', 0, 'a:0:{}', 0),
(601, 58, 'knyazhev', 3, 20, 0, 1, 2, 'tsumo', '', '', '8,36', 1, 'a:0:{}', 0),
(602, 58, 'knyazhev', 2, 25, 0, 1, 2, 'ron', 'vodilov', '', '31', 0, 'a:0:{}', 0),
(603, 58, 'sanatullov', 4, 40, 0, 0, 2, 'ron', 'vodilov', '', '13', 3, 'a:1:{i:0;s:8:"knyazhev";}', 0),
(604, 58, 'vodilov', 3, 80, 0, 1, 3, 'ron', 'timofeev', '', '13,1', 0, 'a:0:{}', 0),
(605, 58, 'sanatullov', 4, 40, 0, 0, 3, 'ron', 'vodilov', '', '27,13', 1, 'a:1:{i:0;s:8:"knyazhev";}', 0),
(606, 58, 'timofeev', 1, 30, 0, 0, 4, 'ron', 'vodilov', '', '11', 0, 'a:0:{}', 2),
(607, 58, 'knyazhev', 1, 30, 0, 0, 4, 'ron', 'vodilov', '', '13', 0, 'a:0:{}', 2),
(608, 58, 'sanatullov', 3, 30, 0, 0, 5, 'tsumo', '', '', '25', 1, 'a:0:{}', 0),
(609, 58, 'timofeev', 6, 0, 0, 0, 6, 'ron', 'knyazhev', '', '27', 4, 'a:0:{}', 0),
(610, 58, 'knyazhev', 2, 30, 0, 0, 7, 'ron', 'vodilov', '', '14', 0, 'a:0:{}', 0),
(611, 58, 'sanatullov', 3, 30, 0, 1, 8, 'tsumo', '', '', '12,27', 0, 'a:0:{}', 0),
(612, 58, 'sanatullov', 1, 30, 0, 1, 8, 'ron', 'knyazhev', '', '23', 0, 'a:0:{}', 0),
(613, 58, 'timofeev', 1, 40, 0, 0, 8, 'ron', 'sanatullov', '', '9', 0, 'a:0:{}', 0),
(614, 59, 'sokolov', 3, 30, 0, 0, 1, 'ron', 'kozlovskaya', '', '13,27', 0, 'a:1:{i:0;s:6:"svirid";}', 0),
(615, 59, 'kim', 0, 0, 1, 1, 2, 'tsumo', '', '', '39', 0, 'a:0:{}', 0),
(616, 59, 'kim', 5, 0, 0, 1, 2, 'ron', 'kozlovskaya', '', '33,8,12', 1, 'a:2:{i:0;s:11:"kozlovskaya";i:1;s:3:"kim";}', 0),
(617, 59, 'kim', 1, 40, 0, 1, 2, 'ron', 'svirid', '', '23', 0, 'a:0:{}', 0),
(618, 59, 'sokolov', 2, 40, 0, 0, 2, 'ron', 'svirid', '', '33', 1, 'a:2:{i:0;s:7:"sokolov";i:1;s:6:"svirid";}', 0),
(619, 59, 'kim', 5, 0, 0, 0, 3, 'ron', 'kozlovskaya', '', '33,13', 3, 'a:1:{i:0;s:3:"kim";}', 0),
(620, 59, 'sokolov', 2, 40, 0, 0, 4, 'ron', 'svirid', '', '33', 1, 'a:1:{i:0;s:7:"sokolov";}', 0),
(621, 59, 'sokolov', 3, 40, 0, 0, 5, 'ron', 'svirid', '', '33,13', 1, 'a:1:{i:0;s:7:"sokolov";}', 0),
(622, 59, '', 0, 0, 0, 0, 6, 'draw', '', 'a:4:{s:11:"kozlovskaya";s:6:"tempai";s:3:"kim";s:6:"tempai";s:7:"sokolov";s:6:"tempai";s:6:"svirid";s:5:"noten";}', '', 0, 'a:1:{i:0;s:7:"sokolov";}', 0),
(623, 59, 'kim', 2, 70, 0, 1, 6, 'ron', 'sokolov', '', '33', 1, 'a:1:{i:0;s:3:"kim";}', 0),
(624, 59, 'sokolov', 5, 0, 0, 0, 6, 'ron', 'svirid', '', '33,8', 3, 'a:2:{i:0;s:7:"sokolov";i:1;s:6:"svirid";}', 0),
(625, 59, 'sokolov', 2, 30, 0, 1, 7, 'tsumo', '', '', '33,36', 0, 'a:1:{i:0;s:7:"sokolov";}', 0),
(626, 59, 'kim', 2, 40, 0, 0, 7, 'ron', 'svirid', '', '33,35', 0, 'a:1:{i:0;s:3:"kim";}', 0),
(627, 60, 'karpov', 1, 40, 0, 0, 1, 'ron', 'poroshin', '', '33', 0, 'a:1:{i:0;s:6:"karpov";}', 0),
(628, 60, 'poroshin', 3, 40, 0, 0, 2, 'ron', 'meshin', '', '33,35', 1, 'a:2:{i:0;s:5:"falko";i:1;s:8:"poroshin";}', 0),
(629, 60, 'meshin', 4, 20, 0, 0, 3, 'tsumo', '', '', '33,8,36,9', 0, 'a:2:{i:0;s:6:"meshin";i:1;s:8:"poroshin";}', 0),
(630, 60, 'poroshin', 2, 30, 0, 1, 4, 'ron', 'karpov', '', '33,8', 0, 'a:1:{i:0;s:8:"poroshin";}', 0),
(631, 60, 'karpov', 5, 0, 0, 0, 4, 'ron', 'poroshin', '', '28', 0, 'a:1:{i:0;s:8:"poroshin";}', 0),
(632, 60, 'poroshin', 1, 30, 0, 0, 5, 'ron', 'karpov', '', '13', 0, 'a:0:{}', 0),
(633, 60, '', 0, 0, 0, 0, 6, 'draw', '', 'a:4:{s:6:"meshin";s:5:"noten";s:6:"karpov";s:6:"tempai";s:5:"falko";s:5:"noten";s:8:"poroshin";s:5:"noten";}', '', 0, 'a:0:{}', 0),
(634, 60, 'meshin', 5, 0, 0, 0, 6, 'ron', 'poroshin', '', '24,11', 1, 'a:0:{}', 0),
(635, 60, 'falko', 3, 20, 0, 1, 7, 'tsumo', '', '', '36,23,8', 0, 'a:1:{i:0;s:8:"poroshin";}', 0),
(636, 60, '', 0, 0, 0, 0, 7, 'draw', '', 'a:4:{s:6:"meshin";s:5:"noten";s:6:"karpov";s:6:"tempai";s:5:"falko";s:5:"noten";s:8:"poroshin";s:6:"tempai";}', '', 0, 'a:1:{i:0;s:8:"poroshin";}', 0),
(637, 61, 'maslatsova', 1, 30, 0, 0, 1, 'ron', 'sanzharov', '', '23', 0, 'a:0:{}', 0),
(638, 61, '', 0, 0, 0, 0, 2, 'draw', '', 'a:4:{s:8:"gracheva";s:6:"tempai";s:8:"karasyuk";s:6:"tempai";s:10:"maslatsova";s:5:"noten";s:9:"sanzharov";s:6:"tempai";}', '', 0, 'a:0:{}', 0),
(639, 61, 'sanzharov', 2, 30, 0, 0, 2, 'tsumo', '', '', '33,36', 0, 'a:1:{i:0;s:9:"sanzharov";}', 0),
(640, 61, 'gracheva', 2, 30, 0, 0, 3, 'tsumo', '', '', '33,36', 0, 'a:1:{i:0;s:8:"gracheva";}', 0),
(641, 61, 'maslatsova', 4, 30, 0, 0, 4, 'ron', 'karasyuk', '', '33,35,8', 1, 'a:2:{i:0;s:10:"maslatsova";i:1;s:9:"sanzharov";}', 0),
(642, 61, 'gracheva', 5, 0, 0, 1, 5, 'tsumo', '', '', '33,8,36', 2, 'a:1:{i:0;s:8:"gracheva";}', 0),
(643, 61, 'sanzharov', 3, 30, 0, 0, 5, 'ron', 'gracheva', '', '33,8,9', 0, 'a:1:{i:0;s:9:"sanzharov";}', 0),
(644, 61, 'sanzharov', 2, 40, 0, 0, 6, 'tsumo', '', '', '14', 0, 'a:0:{}', 0),
(645, 61, 'maslatsova', 4, 30, 0, 1, 7, 'tsumo', '', '', '33,13,36', 1, 'a:1:{i:0;s:10:"maslatsova";}', 0),
(646, 62, 'stolbova', 2, 30, 0, 0, 1, 'ron', 'vgolubev', '', '13', 1, 'a:0:{}', 0),
(647, 62, 'vgolubev', 2, 40, 0, 0, 2, 'ron', 'goman', '', '27', 0, 'a:0:{}', 0),
(648, 62, '', 0, 0, 0, 0, 3, 'draw', '', 'a:4:{s:8:"vgolubev";s:6:"tempai";s:5:"goman";s:5:"noten";s:8:"stolbova";s:6:"tempai";s:8:"gubanova";s:5:"noten";}', '', 0, 'a:0:{}', 0),
(649, 62, 'vgolubev', 1, 30, 0, 0, 3, 'ron', 'goman', '', '23', 0, 'a:1:{i:0;s:8:"gubanova";}', 0),
(650, 62, 'vgolubev', 1, 30, 0, 0, 4, 'ron', 'stolbova', '', '23', 0, 'a:0:{}', 0),
(651, 62, 'gubanova', 3, 30, 0, 0, 5, 'tsumo', '', '', '', 0, 'a:2:{i:0;s:5:"goman";i:1;s:8:"gubanova";}', 0),
(652, 62, 'stolbova', 1, 30, 0, 0, 6, 'ron', 'vgolubev', '', '12', 0, 'a:0:{}', 0),
(653, 62, 'gubanova', 4, 40, 0, 0, 7, 'ron', 'goman', '', '33,35,13', 1, 'a:1:{i:0;s:8:"gubanova";}', 0),
(654, 62, 'goman', 0, 0, 0, 0, 8, 'chombo', '', '', '', 0, '', 0),
(655, 62, 'vgolubev', 2, 30, 0, 0, 8, 'ron', 'goman', '', '27', 0, 'a:0:{}', 0),
(656, 63, '', 0, 0, 0, 0, 1, 'draw', '', 'a:4:{s:11:"fedorkevich";s:6:"tempai";s:6:"levina";s:5:"noten";s:5:"novik";s:6:"tempai";s:5:"mazin";s:6:"tempai";}', '', 0, 'a:1:{i:0;s:5:"novik";}', 0),
(657, 63, 'mazin', 2, 30, 0, 0, 1, 'ron', 'fedorkevich', '', '23', 1, 'a:0:{}', 0),
(658, 63, 'levina', 3, 40, 0, 1, 2, 'ron', 'novik', '', '33', 2, 'a:1:{i:0;s:6:"levina";}', 0),
(659, 63, 'fedorkevich', 3, 30, 0, 0, 2, 'ron', 'mazin', '', '1,23', 0, 'a:1:{i:0;s:5:"novik";}', 0),
(660, 63, 'mazin', 1, 40, 0, 0, 3, 'ron', 'fedorkevich', '', '33', 0, 'a:2:{i:0;s:5:"novik";i:1;s:5:"mazin";}', 0),
(661, 63, 'mazin', 1, 30, 0, 1, 4, 'ron', 'fedorkevich', '', '13', 0, 'a:0:{}', 0),
(662, 63, 'mazin', 4, 30, 0, 1, 4, 'ron', 'levina', '', '23', 3, 'a:0:{}', 0),
(663, 63, 'mazin', 4, 30, 0, 1, 4, 'tsumo', '', '', '33,23,36', 1, 'a:1:{i:0;s:5:"mazin";}', 0),
(664, 63, 'novik', 3, 30, 0, 0, 4, 'ron', 'mazin', '', '13', 2, 'a:0:{}', 0),
(665, 63, 'novik', 2, 40, 0, 0, 5, 'ron', 'mazin', '', '33,35', 0, 'a:2:{i:0;s:5:"novik";i:1;s:6:"levina";}', 0),
(666, 64, '', 0, 0, 0, 0, 1, 'draw', '', 'a:4:{s:5:"levin";s:5:"noten";s:7:"chernih";s:6:"tempai";s:11:"goncharenko";s:5:"noten";s:7:"zarezin";s:5:"noten";}', '', 0, 'a:1:{i:0;s:7:"chernih";}', 0),
(667, 64, 'goncharenko', 3, 30, 0, 0, 2, 'ron', 'levin', '', '25,11', 0, 'a:0:{}', 0),
(668, 64, 'chernih', 3, 30, 0, 0, 3, 'tsumo', '', '', '33,35,36', 0, 'a:1:{i:0;s:7:"chernih";}', 0),
(669, 64, 'levin', 4, 30, 0, 0, 4, 'ron', 'chernih', '', '33,8', 2, 'a:1:{i:0;s:5:"levin";}', 0),
(670, 64, 'goncharenko', 4, 40, 0, 0, 5, 'ron', 'chernih', '', '33', 3, 'a:1:{i:0;s:11:"goncharenko";}', 0),
(671, 64, '', 0, 0, 0, 0, 6, 'draw', '', 'a:4:{s:5:"levin";s:6:"tempai";s:7:"chernih";s:5:"noten";s:11:"goncharenko";s:6:"tempai";s:7:"zarezin";s:6:"tempai";}', '', 0, 'a:0:{}', 0),
(672, 64, 'chernih', 3, 30, 0, 0, 7, 'ron', 'zarezin', '', '27,13', 0, 'a:1:{i:0;s:5:"levin";}', 0),
(673, 64, 'zarezin', 4, 20, 0, 1, 8, 'tsumo', '', '', '33,8,36', 1, 'a:1:{i:0;s:7:"zarezin";}', 0),
(674, 64, 'zarezin', 4, 25, 0, 1, 8, 'ron', 'chernih', '', '31', 2, 'a:1:{i:0;s:7:"chernih";}', 0),
(675, 64, 'goncharenko', 3, 30, 0, 0, 8, 'tsumo', '', '', '33,35,36', 0, 'a:1:{i:0;s:11:"goncharenko";}', 0);

-- --------------------------------------------------------

--
-- Структура таблицы `sortition_cache`
--

CREATE TABLE IF NOT EXISTS `sortition_cache` (
  `hash` varchar(24) NOT NULL,
  `data` text NOT NULL,
  `is_confirmed` tinyint(4) NOT NULL DEFAULT '0',
  PRIMARY KEY (`hash`)
) ENGINE=MyISAM DEFAULT CHARSET=utf8;

-- --------------------------------------------------------

--
-- Структура таблицы `tables`
--

CREATE TABLE IF NOT EXISTS `tables` (
  `id` int(11) NOT NULL AUTO_INCREMENT,
  `player_num` int(11) NOT NULL,
  `username` varchar(255) NOT NULL,
  PRIMARY KEY (`id`),
  KEY `username` (`username`)
) ENGINE=MyISAM DEFAULT CHARSET=utf8 AUTO_INCREMENT=1 ;

/*!40101 SET CHARACTER_SET_CLIENT=@OLD_CHARACTER_SET_CLIENT */;
/*!40101 SET CHARACTER_SET_RESULTS=@OLD_CHARACTER_SET_RESULTS */;
/*!40101 SET COLLATION_CONNECTION=@OLD_COLLATION_CONNECTION */;
